,Id,CurrentAge,LotArea,PorchArea,TotalBaths,OverallQual,OverallCond,GrLivArea,SaleType,SaleCondition,MSZoning,Story,StoryFinish,SalePrice,TotRmsAbvGrd,SalePrice_pred
0,1,7,8450,61,3,7,5,1710,WD,Normal,RL,two,finished,208500,8,204970.0
1,2,34,9600,0,2,6,8,1262,WD,Normal,RL,one,finished,181500,6,155132.0
2,3,8,11250,42,3,7,5,1786,WD,Normal,RL,two,finished,223500,6,212305.0
3,5,10,14260,84,3,8,5,2198,WD,Normal,RL,two,finished,250000,9,295053.0
4,6,15,14115,350,2,5,5,1362,WD,Normal,RL,one_and_half,finished,143000,5,158972.0
5,7,5,10084,57,2,8,5,1694,WD,Normal,RL,one,finished,307000,7,249925.0
6,8,37,10382,432,3,7,6,2090,WD,Normal,RL,two,finished,200000,7,210459.0
7,10,60,7420,4,1,5,6,1077,WD,Normal,RL,one_and_half,unfinished,118000,5,125217.0
8,11,45,11200,0,1,5,5,1040,WD,Normal,RL,one,finished,129500,5,130011.0
9,12,4,11924,21,3,9,5,2324,New,Partial,RL,two,finished,345000,11,352368.0
10,13,48,12968,176,1,5,6,912,WD,Normal,RL,one,finished,144000,4,133613.0
11,14,3,10652,33,2,7,5,1494,New,Partial,RL,one,finished,279500,7,211133.0
12,15,50,10920,389,2,6,5,1253,WD,Normal,RL,one,finished,157000,5,145068.0
13,16,9,6120,112,1,7,8,854,WD,Normal,RM,one_and_half,unfinished,132000,5,146492.0
14,17,40,11241,0,1,6,7,1004,WD,Normal,RL,one,finished,149000,5,143779.0
15,18,43,10791,0,2,4,5,1296,WD,Normal,RL,one,finished,90000,6,125221.0
16,19,6,13695,102,2,5,5,1114,WD,Normal,RL,one,finished,159000,6,154215.0
17,21,4,14215,154,4,8,5,2376,New,Partial,RL,two,finished,325300,9,346805.0
18,22,60,7449,205,1,7,7,1108,WD,Normal,RM,one_and_half,unfinished,139400,6,135989.0
19,23,8,9742,159,2,8,5,1795,WD,Normal,RL,one,finished,230000,7,241198.0
20,24,34,4224,110,1,5,7,1060,WD,Normal,RM,one,finished,129900,6,115928.0
21,25,9,8246,90,1,5,8,1060,WD,Normal,RL,one,finished,154000,6,143803.0
22,26,3,14230,56,2,8,5,1600,WD,Normal,RL,one,finished,256300,7,275950.0
23,27,10,7200,32,1,5,7,900,WD,Normal,RL,one,finished,134800,5,131652.0
24,28,2,11478,50,2,8,5,1704,WD,Normal,RL,one,finished,306000,7,295336.0
25,29,13,16321,258,1,5,6,1600,WD,Normal,RL,one,finished,207500,6,180462.0
26,30,60,6324,87,1,4,6,520,WD,Normal,RM,one,finished,68500,4,82268.0
27,32,4,8544,65,2,5,6,1228,WD,Normal,RL,one,finished,149350,6,148814.0
28,33,3,11049,30,2,8,5,1234,WD,Normal,RL,one,finished,179900,7,214519.0
29,34,51,10552,38,2,5,5,1700,WD,Normal,RL,one,finished,165500,6,146715.0
30,35,5,7313,47,2,9,5,1561,WD,Normal,RL,one,finished,277500,6,266341.0
31,36,5,13418,32,4,8,5,2452,WD,Normal,RL,two,finished,309000,9,322897.0
32,37,15,10859,64,2,5,5,1097,WD,Normal,RL,one,finished,145000,6,142733.0
33,38,20,8532,0,1,5,6,1297,WD,Normal,RL,one,finished,153000,5,144538.0
34,42,51,16905,104,2,5,6,1328,WD,Normal,RL,one,finished,170000,5,159202.0
35,43,27,9180,0,1,5,7,884,WD,Normal,RL,split,finished,144000,5,126936.0
36,44,30,9200,0,1,5,6,938,WD,Normal,RL,one,finished,130250,5,129437.0
37,45,51,7945,0,1,5,6,1150,WD,Normal,RL,one,finished,141000,6,134403.0
38,46,5,7658,82,2,9,5,1752,WD,Normal,RL,one,finished,319900,6,281857.0
39,49,2,4456,102,2,4,5,1452,New,Partial,RM,two,finished,113000,8,127330.0
40,50,44,7742,0,1,5,7,955,WD,Normal,RL,one,finished,127000,6,126500.0
41,51,13,13869,75,2,6,6,1470,WD,Normal,RL,two,finished,177000,6,181573.0
42,52,60,6240,0,1,6,6,1176,WD,Normal,RM,one_and_half,finished,114500,6,120266.0
43,53,47,8472,0,1,5,5,816,WD,Normal,RM,one,finished,110000,5,99687.0
44,54,23,50271,72,1,9,5,1842,WD,Normal,RL,one,finished,385000,5,348002.0
45,55,55,7134,50,1,5,5,1360,WD,Normal,RL,split,finished,130000,6,130632.0
46,56,46,10175,407,2,6,5,1425,WD,Normal,RL,one,finished,180500,7,150809.0
47,58,6,11645,70,3,7,5,1720,WD,Normal,RL,two,finished,196500,7,216496.0
48,59,4,13682,37,4,10,5,2945,New,Partial,RL,two,finished,438780,10,453914.0
49,60,38,7200,0,1,5,7,780,WD,Normal,RL,one,finished,124900,4,117138.0
50,61,6,13072,50,2,6,5,1158,New,Partial,RL,one,finished,158000,5,170034.0
51,62,14,7200,144,1,5,7,1111,WD,Normal,RM,two_and_half,unfinished,101000,6,126226.0
52,63,4,6442,49,2,8,5,1370,WD,Normal,RL,one,finished,202500,6,211429.0
53,64,60,10300,75,2,7,6,1710,WD,Normal,RM,two,finished,140000,9,151984.0
54,65,12,9375,36,3,7,5,2034,WD,Normal,RL,two,finished,219500,8,226203.0
55,66,5,9591,151,3,8,5,2473,WD,Normal,RL,two,finished,317000,9,301408.0
56,67,21,19900,0,2,7,5,2207,WD,Normal,RL,one,finished,180000,7,251177.0
57,68,7,10665,29,2,7,5,1479,WD,Normal,RL,one,finished,226000,7,196052.0
58,69,60,4608,0,1,4,6,747,WD,Normal,RM,one,finished,80000,4,76122.0
59,70,57,15593,135,2,7,4,2287,WD,Normal,RL,one_and_half,finished,225000,7,210450.0
60,71,37,13651,0,2,7,6,2223,WD,Normal,RL,one,finished,244000,8,224711.0
61,72,4,7599,0,1,4,6,845,WD,Normal,RL,one,finished,129500,4,120548.0
62,73,12,10141,385,3,7,5,1718,WD,Normal,RL,two,finished,185000,7,207767.0
63,74,7,10200,0,1,5,7,1086,WD,Normal,RL,one,finished,144900,6,146641.0
64,75,60,5790,202,2,3,6,1605,WD,Normal,RM,two,finished,107400,8,112399.0
65,76,37,1596,101,1,4,5,988,WD,Normal,RM,split,finished,91000,5,86024.0
66,77,54,8475,0,1,4,7,952,WD,Normal,RL,one,finished,135750,4,110829.0
67,78,9,8635,0,1,5,5,1285,WD,Normal,RM,one_and_half,finished,127000,6,130269.0
68,79,42,10778,0,2,4,5,1768,WD,Normal,RL,one,finished,136500,8,142513.0
69,80,29,10440,128,2,5,6,1230,WD,Normal,RM,two,finished,110000,5,125770.0
70,81,42,13000,324,3,6,6,2142,WD,Normal,RL,two,finished,193500,8,198941.0
71,82,12,4500,199,2,6,5,1337,WD,Normal,RM,one,finished,153500,5,140881.0
72,83,3,10206,99,2,8,5,1563,WD,Normal,RL,one,finished,245000,6,246311.0
73,85,14,8530,72,3,7,5,1474,WD,Normal,RL,split,finished,168500,7,185884.0
74,86,18,16059,82,3,8,5,2417,WD,Normal,RL,two,finished,260000,9,304774.0
75,87,5,11911,38,3,6,5,1560,WD,Normal,RL,two,finished,174000,6,186279.0
76,90,15,8070,0,1,4,5,990,WD,Normal,RL,one,finished,123600,5,122279.0
77,91,60,7200,29,1,4,5,1040,WD,Normal,RL,one,finished,109900,4,94253.0
78,93,4,13360,44,1,5,7,964,WD,Normal,RL,one,finished,163500,5,147455.0
79,95,13,9337,162,3,6,5,1786,WD,Normal,RL,two,finished,204750,7,184850.0
80,96,17,9765,63,3,6,8,1470,WD,Normal,RL,two,finished,185000,6,168137.0
81,97,11,10264,29,2,7,5,1588,WD,Normal,RL,one,finished,214000,6,204265.0
82,98,45,10921,0,1,4,5,960,WD,Normal,RL,one,finished,94750,6,113145.0
83,100,51,9320,0,2,4,5,1225,WD,Normal,RL,one,finished,128950,6,119217.0
84,101,9,10603,68,2,6,7,1610,WD,Normal,RL,one,finished,205000,6,183221.0
85,102,25,9206,46,3,6,5,1732,WD,Normal,RL,two,finished,178000,7,170737.0
86,104,1,10402,36,2,7,5,1226,WD,Normal,RL,one,finished,198900,6,209169.0
87,105,60,7758,184,2,7,4,1818,WD,Normal,RM,one_and_half,finished,169500,7,132037.0
88,107,15,10800,0,1,4,7,1047,WD,Normal,RM,one,finished,100000,6,118315.0
89,108,60,6000,0,1,5,5,789,WD,Partial,RM,one,finished,115000,5,86389.0
90,109,5,8500,144,2,5,7,1517,WD,Normal,RM,one_and_half,finished,115000,7,139422.0
91,111,38,9525,0,2,6,4,1855,WD,Normal,RL,one_and_half,finished,136900,7,160570.0
92,112,10,7750,0,3,7,5,1430,WD,Normal,RL,split,finished,180000,7,186703.0
93,113,3,9965,352,3,7,5,2696,New,Partial,RL,two,finished,383970,10,295319.0
94,115,8,7259,0,3,6,8,2320,WD,Normal,RL,two,finished,259500,9,215976.0
95,117,48,11616,164,1,5,5,1092,WD,Normal,RL,one,finished,139000,6,133077.0
96,118,3,8536,64,2,5,5,1125,New,Partial,RL,one,finished,155000,5,144270.0
97,119,20,12376,0,3,7,5,3222,WD,Normal,RL,two,finished,320000,11,324418.0
98,120,4,8461,24,3,6,5,1456,New,Partial,RL,two,finished,163990,8,173609.0
99,121,41,21453,260,1,6,5,988,WD,Normal,RL,split,finished,180000,4,161254.0
100,122,60,6060,140,1,4,5,1123,WD,Normal,RM,one_and_half,finished,100000,4,90241.0
101,123,52,9464,130,1,6,7,1080,WD,Normal,RL,one,finished,136000,5,142813.0
102,124,17,7892,63,2,6,5,1199,WD,Normal,RL,one,finished,153900,5,155062.0
103,125,12,17043,0,2,6,5,1586,WD,Normal,RL,one,finished,181000,7,199546.0
104,126,28,6780,0,1,6,8,754,WD,Normal,RM,one_and_half,finished,84500,5,105700.0
105,127,34,4928,205,2,6,5,958,WD,Normal,RL,one,finished,128000,5,129461.0
106,128,60,4388,0,1,5,7,840,WD,Normal,RM,one_and_half,unfinished,87000,5,93966.0
107,129,44,7590,108,2,6,5,1348,WD,Normal,RL,two,finished,155000,6,147950.0
108,131,44,14200,66,3,7,6,2157,WD,Normal,RL,two,finished,226000,8,226833.0
109,132,10,12224,48,3,6,5,2054,WD,Normal,RL,two,finished,244000,7,210182.0
110,133,8,7388,0,1,5,6,1327,WD,Normal,RL,one,finished,150750,7,148343.0
111,134,8,6853,25,2,8,5,1296,WD,Normal,RL,one,finished,220000,6,202959.0
112,135,17,10335,276,3,5,6,1721,WD,Normal,RL,one,finished,180000,7,164643.0
113,136,40,10400,0,2,7,6,1682,WD,Normal,RL,one,finished,174000,7,190595.0
114,137,43,10355,111,2,5,5,1214,WD,Normal,RL,one,finished,143000,5,135731.0
115,139,10,9066,106,3,8,5,1852,WD,Normal,RL,two,finished,230000,7,244386.0
116,140,13,15426,99,3,6,5,1764,WD,Normal,RL,two,finished,231500,7,203873.0
117,142,5,11645,24,2,7,5,1734,WD,Normal,RL,one,finished,260000,7,218975.0
118,143,58,8520,0,2,5,4,1385,WD,Normal,RL,one_and_half,finished,166000,6,120746.0
119,144,11,10335,29,2,7,5,1501,WD,Normal,RL,one,finished,204000,6,202074.0
120,146,4,2522,40,2,6,5,1709,WD,Normal,RM,two,finished,130000,7,141068.0
121,147,17,6120,0,1,5,7,875,WD,Normal,RM,one,finished,105000,5,115444.0
122,148,9,9505,48,3,7,5,2035,WD,Normal,RL,two,finished,222500,8,229248.0
123,149,5,7500,0,1,7,5,1080,WD,Normal,RL,one,finished,141000,6,176304.0
124,150,60,6240,114,1,5,4,1344,WD,Normal,RM,one_and_half,finished,115000,7,97870.0
125,151,35,10356,0,2,5,6,969,WD,Normal,RL,one,finished,122000,5,133348.0
126,152,2,13891,102,2,8,5,1710,New,Partial,RL,one,finished,372402,6,319067.0
127,153,39,14803,66,3,6,5,1993,WD,Normal,RL,two,finished,190000,8,191848.0
128,154,35,13500,0,1,6,7,1252,WD,Normal,RL,one,finished,235000,4,161780.0
129,156,60,9600,136,1,6,5,1096,WD,Normal,RL,one_and_half,finished,79000,5,119520.0
130,157,60,7200,0,1,5,7,1040,WD,Normal,RL,one,finished,109500,5,123288.0
131,158,0,12003,75,3,8,5,1968,New,Partial,RL,two,finished,269500,8,328866.0
132,160,4,19378,300,3,7,5,2462,New,Partial,RL,two,finished,320000,9,309843.0
133,161,26,11120,0,2,6,6,1232,WD,Normal,RL,one,finished,162500,6,156094.0
134,162,6,13688,0,3,9,5,2668,WD,Normal,RL,two,finished,412500,10,395421.0
135,163,5,12182,70,2,7,5,1541,New,Partial,RL,one,finished,220000,7,211609.0
136,164,54,5500,0,1,4,6,882,WD,Normal,RL,one_and_half,unfinished,103200,4,100966.0
137,165,6,5400,183,2,6,7,1616,WD,Normal,RM,one,finished,152000,5,152672.0
138,166,11,10106,0,2,5,7,1355,WD,Normal,RL,one_and_half,finished,127500,6,152807.0
139,168,3,10562,120,2,8,5,2161,New,Partial,RL,two,finished,325624,8,297181.0
140,169,6,8244,48,3,7,5,1720,WD,Normal,RL,two,finished,183500,7,207414.0
141,170,29,16669,64,3,8,6,1707,WD,Normal,RL,one,finished,228000,6,244366.0
142,171,60,12358,0,2,5,6,1382,WD,Normal,RM,one_and_half,finished,128500,7,125386.0
143,172,50,31770,62,1,6,5,1656,WD,Normal,RL,one,finished,215000,7,198999.0
144,173,23,5306,35,2,7,7,1767,WD,Normal,RL,two,finished,239000,5,192669.0
145,175,24,12416,0,2,6,5,1651,WD,Normal,RL,one,finished,184000,7,175378.0
146,176,9,12615,68,2,6,7,2158,WD,Normal,RL,one,finished,243000,7,220009.0
147,177,21,10029,420,3,6,5,2060,WD,Normal,RL,two,finished,211000,8,190351.0
148,178,52,13650,0,2,5,5,1920,WD,Normal,RL,one_and_half,finished,172500,8,161227.0
149,179,1,17423,60,2,9,5,2234,New,Partial,RL,one,finished,501837,9,472921.0
150,180,4,8520,184,1,5,6,968,WD,Normal,RM,one,finished,100000,5,124463.0
151,182,60,7588,40,2,7,6,1802,WD,Normal,RL,two,finished,200100,9,182309.0
152,183,4,9060,180,1,5,6,1340,WD,Normal,RL,one,finished,120000,7,152306.0
153,184,7,11426,238,3,7,5,2082,WD,Normal,RM,one_and_half,finished,200000,6,190120.0
154,185,19,7438,0,1,5,8,1252,WD,Normal,RL,one_and_half,finished,127000,5,143230.0
155,186,17,22950,670,3,10,9,3608,WD,Normal,RM,two_and_half,finished,475000,12,400011.0
156,187,19,9947,27,2,7,5,1217,WD,Normal,RL,split,finished,173000,6,172476.0
157,188,23,10410,140,3,5,7,1656,WD,Normal,RL,one_and_half,finished,135000,8,160485.0
158,190,8,4923,344,2,8,5,1593,WD,Normal,RL,one,finished,286000,5,224690.0
159,191,16,10570,74,3,8,8,2727,WD,Normal,RL,two,finished,315000,10,318198.0
160,192,6,7472,32,2,7,9,1479,WD,Normal,RL,two,finished,184000,7,192109.0
161,193,11,9017,35,2,7,5,1431,WD,Normal,RL,one,finished,192000,6,187747.0
162,194,6,2522,40,2,7,5,1709,WD,Normal,RM,two,finished,130000,7,151323.0
163,195,38,7180,0,1,5,7,864,WD,Normal,RL,one,finished,127000,5,123050.0
164,196,34,2280,0,3,6,6,1456,WD,Normal,RL,two,finished,148500,7,145603.0
165,197,3,9416,404,2,7,5,1726,New,Partial,RL,one,finished,311872,8,222424.0
166,200,5,9591,196,2,8,5,1713,WD,Normal,RL,one,finished,274900,7,249617.0
167,201,6,8546,64,2,4,5,1121,WD,Normal,RM,one,finished,140000,5,119432.0
168,202,33,10125,83,2,6,6,1279,WD,Normal,RL,one,finished,171500,6,156226.0
169,204,6,4438,0,1,6,5,848,WD,Normal,RM,one,finished,149000,3,131259.0
170,205,60,3500,35,2,5,7,1284,WD,Normal,RM,one_and_half,finished,110000,5,107107.0
171,206,20,11851,542,2,7,5,1442,WD,Normal,RL,one,finished,180500,5,185069.0
172,207,48,13673,30,2,5,5,1696,WD,Normal,RL,one,finished,143900,8,154897.0
173,208,50,12493,0,1,4,5,1100,WD,Normal,RL,one,finished,141000,6,126048.0
174,209,21,14364,209,3,7,5,2062,WD,Normal,RL,two,finished,277000,7,229675.0
175,210,46,8250,0,1,6,7,1092,WD,Normal,RL,one,finished,145000,6,143871.0
176,211,60,5604,96,1,5,6,864,WD,Normal,RL,one,finished,98000,5,107497.0
177,212,1,10420,22,2,6,5,1212,WD,Normal,RL,one,finished,186000,6,181578.0
178,214,15,13568,0,1,5,5,990,WD,Normal,RL,one,finished,156000,5,144864.0
179,215,33,10900,36,2,6,7,1392,WD,Normal,RL,two,finished,161750,6,160006.0
180,216,14,10011,0,1,5,6,1236,WD,Normal,RL,one,finished,134450,6,148047.0
181,217,6,8450,98,2,7,5,1436,WD,Normal,RL,one,finished,210000,8,189553.0
182,219,4,15660,269,2,7,9,1954,WD,Normal,RL,one_and_half,finished,311500,8,270818.0
183,220,4,3010,0,2,7,5,1248,New,Partial,RL,one,finished,167240,5,169774.0
184,221,4,8990,33,2,7,5,1498,New,Partial,RL,one,finished,204900,5,205264.0
185,223,35,11475,208,3,6,6,1552,WD,Normal,RL,two,finished,179900,6,170119.0
186,225,7,13472,105,2,10,5,2392,WD,Normal,RL,one,finished,386250,8,400626.0
187,228,40,1869,0,2,6,6,987,WD,Normal,RM,two,finished,106000,5,108570.0
188,229,43,8521,0,1,5,5,912,WD,Normal,RL,one,finished,125000,5,118880.0
189,230,4,3182,20,2,7,5,1555,WD,Normal,RL,one,finished,192500,7,190113.0
190,231,51,8760,120,1,6,6,1194,WD,Normal,RL,one,finished,148000,6,146778.0
191,232,14,15138,348,3,8,5,2794,WD,Normal,RL,two,finished,403000,9,346185.0
192,233,38,1680,0,2,6,5,987,WD,Normal,RM,two,finished,94500,5,102489.0
193,234,34,10650,0,1,5,6,894,WD,Normal,RL,one,finished,128200,5,127688.0
194,235,8,7851,48,3,6,5,1960,WD,Normal,RL,two,finished,216500,8,197905.0
195,236,39,1680,0,2,6,3,987,WD,Normal,RM,two,finished,89500,5,89811.0
196,237,6,8773,105,2,7,5,1414,WD,Normal,RL,one,finished,185500,6,187744.0
197,238,7,9453,308,3,7,7,1744,WD,Normal,RL,two,finished,194500,7,208557.0
198,239,3,12030,228,2,8,5,1694,New,Partial,RL,one,finished,318000,7,267771.0
199,240,60,8741,140,2,6,4,1487,WD,Normal,RL,one_and_half,finished,113000,7,128719.0
200,242,13,3880,42,1,5,9,866,WD,Normal,RM,one,finished,110500,4,113113.0
201,243,60,5000,77,1,5,4,1440,WD,Normal,RM,one_and_half,finished,79000,6,95951.0
202,244,30,10762,28,2,6,6,1217,WD,Normal,RL,two,finished,120000,6,155558.0
203,245,8,8880,130,3,7,5,2110,WD,Normal,RL,two,finished,205000,8,234334.0
204,246,22,10400,39,2,7,5,1872,WD,Normal,RL,one,finished,241500,6,205099.0
205,247,60,9142,172,2,6,8,1928,WD,Normal,RM,two,finished,137000,9,140544.0
206,248,56,11310,30,1,6,5,1375,WD,Normal,RL,one,finished,140000,5,147831.0
207,249,7,11317,68,3,7,5,1668,WD,Normal,RL,two,finished,180000,8,209781.0
208,250,4,159000,98,2,6,7,2144,WD,Normal,RL,one_and_half,finished,277000,7,286175.0
209,251,44,5350,0,1,3,2,1306,WD,Normal,RL,one,finished,76500,6,91360.0
210,253,6,8366,45,3,6,5,1640,WD,Normal,RL,two,finished,173000,6,183347.0
211,255,53,8400,0,1,5,6,1314,WD,Normal,RL,one,finished,145000,5,135736.0
212,256,11,8738,0,3,7,5,2291,WD,Normal,RL,two,finished,230000,8,238862.0
213,259,9,12435,341,3,7,5,1792,WD,Normal,RL,two,finished,231500,7,217308.0
214,260,54,12702,45,1,5,5,882,WD,Normal,RM,one,finished,97000,4,111052.0
215,261,48,19296,252,1,6,5,1382,WD,Normal,RL,split,finished,176000,6,170293.0
216,262,3,9588,148,3,8,5,2574,New,Partial,RL,two,finished,276000,10,311650.0
217,263,15,8471,12,1,6,7,1212,WD,Normal,RL,split,finished,151000,6,159050.0
218,264,9,5500,0,1,5,7,1316,WD,Normal,RM,one_and_half,finished,130000,6,128549.0
219,265,6,5232,0,1,5,5,764,WD,Normal,RM,one,finished,73000,4,101782.0
220,266,29,12090,0,2,6,6,1422,WD,Normal,RL,one,finished,175500,7,164980.0
221,267,13,11207,75,3,6,5,1511,WD,Normal,RL,two,finished,185000,8,178146.0
222,268,13,8400,24,3,5,8,2192,WD,Normal,RL,two_and_half,finished,179500,8,188147.0
223,269,55,6900,25,1,5,6,778,WD,Normal,RM,one,finished,120500,4,101676.0
224,270,34,7917,30,2,6,7,1113,WD,Normal,RL,one,finished,148000,6,148046.0
225,272,5,39104,0,1,7,7,1363,WD,Normal,RL,one,finished,241500,5,243897.0
226,273,3,11764,57,3,8,7,2270,WD,Normal,RL,two,finished,290000,9,303369.0
227,274,22,9600,0,2,6,6,1632,WD,Normal,RL,one,finished,139000,6,171730.0
228,275,28,8314,0,1,5,7,816,WD,Normal,RL,one,finished,124500,5,120707.0
229,276,3,7264,144,3,7,7,1548,WD,Normal,RL,one_and_half,finished,205000,5,205471.0
230,277,7,9196,150,2,7,5,1560,WD,Normal,RL,one,finished,201000,7,200389.0
231,278,59,19138,0,1,4,5,864,WD,Normal,RL,one,finished,141000,4,126031.0
232,279,3,14450,240,3,9,5,2121,New,Partial,RL,one,finished,415298,8,380267.0
233,280,33,10005,117,3,7,5,2022,WD,Normal,RL,two,finished,192000,8,203725.0
234,281,21,11287,280,3,7,6,1982,WD,Normal,RL,two,finished,228500,7,216093.0
235,284,1,9612,150,2,8,5,1468,New,Partial,RL,one,finished,244600,6,251794.0
236,285,18,8012,52,2,6,5,1575,WD,Normal,RL,one,finished,179200,5,170341.0
237,287,29,9786,128,2,6,7,1734,WD,Normal,RL,one_and_half,finished,159000,7,174887.0
238,288,39,8125,0,1,4,4,858,WD,Normal,RL,one,finished,88000,5,96575.0
239,289,43,9819,0,1,5,5,900,WD,Normal,RL,one,finished,122000,5,119925.0
240,290,7,8730,259,1,6,7,1396,WD,Normal,RL,two,finished,153575,7,168918.0
241,291,4,15611,51,3,8,5,1919,New,Partial,RL,two,finished,233230,8,300534.0
242,292,10,5687,184,2,5,6,1716,WD,Normal,RL,two,finished,135900,9,160971.0
243,293,2,11409,160,2,5,4,1716,WD,Normal,RL,one_and_half,finished,131000,8,173928.0
244,294,16,16659,250,3,7,7,2263,WD,Normal,RL,two,finished,235000,9,259779.0
245,295,57,9600,0,1,6,5,1644,WD,Normal,RL,one,finished,167000,7,156190.0
246,296,26,7937,0,1,6,6,1003,WD,Normal,RL,split,finished,142500,6,142499.0
247,297,60,13710,0,2,5,5,1558,WD,Normal,RM,one_and_half,finished,152000,6,123330.0
248,299,42,11700,0,3,6,6,1743,WD,Normal,RL,two,finished,175000,7,174637.0
249,301,57,15750,0,1,5,5,1336,WD,Normal,RL,one,finished,157000,5,149523.0
250,302,11,16226,50,3,8,5,2452,WD,Normal,RL,two,finished,267000,9,322537.0
251,303,8,13704,81,2,7,5,1541,WD,Normal,RL,one,finished,205000,6,212035.0
252,305,8,18386,0,3,7,9,3493,WD,Normal,RM,two_and_half,finished,295000,10,286058.0
253,306,5,10386,0,2,8,5,2000,WD,Normal,RL,one,finished,305900,8,273768.0
254,307,19,13474,268,3,7,5,2243,WD,Normal,RL,two,finished,225000,8,231587.0
255,308,60,7920,144,1,6,7,1406,WD,Normal,RM,one_and_half,finished,89500,6,127500.0
256,309,60,12342,0,1,4,5,861,WD,Normal,RL,one,finished,82500,4,93637.0
257,310,6,12378,175,2,9,5,1944,WD,Normal,RL,one,finished,360000,8,313992.0
258,311,16,7685,63,3,6,5,1501,WD,Normal,RL,two,finished,165600,6,174069.0
259,312,8,8000,0,1,6,6,972,WD,Normal,RL,one,finished,132000,5,150718.0
260,313,60,7800,271,1,5,7,1118,WD,Normal,RM,one_and_half,finished,119900,5,113377.0
261,315,20,9600,234,2,7,7,1641,WD,Normal,RM,two,finished,178000,6,161609.0
262,316,5,7795,51,3,7,5,1432,WD,Normal,RL,two,finished,188500,6,190689.0
263,317,30,13005,195,3,7,7,2353,WD,Normal,RL,two,finished,260000,10,236465.0
264,319,17,9900,204,3,7,5,2646,WD,Normal,RL,two,finished,260000,9,267442.0
265,320,30,14115,48,2,7,5,1472,WD,Normal,RL,split,finished,187500,6,189863.0
266,321,4,16259,154,4,9,5,2596,New,Partial,RL,two,finished,342643,9,415957.0
267,322,6,12099,154,3,8,5,2468,WD,Normal,RL,two,finished,354000,10,311714.0
268,323,23,10380,96,3,7,5,2730,WD,Normal,RL,two,finished,301000,8,263190.0
269,324,5,5820,98,1,3,8,1163,WD,Normal,RM,one,finished,126175,6,117103.0
270,325,3,11275,0,3,7,7,2978,WD,Normal,RL,split,finished,242000,11,301114.0
271,326,60,5000,244,1,5,6,803,WD,Normal,RM,one_and_half,unfinished,87000,5,94041.0
272,328,50,11600,45,2,6,5,1383,WD,Normal,RL,one,finished,145250,7,151488.0
273,329,16,11888,328,2,6,6,2134,WD,Normal,RL,two_and_half,unfinished,214500,10,215760.0
274,330,60,6402,137,1,5,5,1192,WD,Normal,RM,two,finished,78000,6,100802.0
275,331,46,10624,0,2,5,4,1728,WD,Normal,RL,one,finished,119000,10,137751.0
276,332,18,8176,0,1,5,6,1056,WD,Normal,RL,one,finished,139000,6,140206.0
277,333,6,10655,0,2,8,5,1629,WD,Normal,RL,one,finished,284000,7,244257.0
278,334,6,8198,30,2,7,5,1358,WD,Normal,RM,one,finished,207000,6,163643.0
279,335,12,9042,38,3,6,5,1638,WD,Normal,RL,two,finished,192000,7,180804.0
280,336,45,164660,0,2,5,6,1786,WD,Normal,RL,one_and_half,finished,228950,7,221796.0
281,337,4,14157,51,2,9,5,1922,WD,Normal,RL,one,finished,377426,8,346931.0
282,338,7,9135,74,2,7,5,1536,WD,Normal,RL,one,finished,214000,7,198693.0
283,339,12,14145,45,2,7,7,1621,WD,Normal,RL,one,finished,202500,8,217962.0
284,340,12,12400,234,1,6,7,1215,WD,Normal,RL,one,finished,155000,6,167541.0
285,341,8,14191,0,3,8,5,1908,WD,Normal,RL,two,finished,202900,9,266992.0
286,342,60,8400,24,1,4,4,841,WD,Normal,RH,one,finished,82000,4,71567.0
287,343,60,8544,0,2,3,4,1040,WD,Normal,RL,one,finished,87500,6,82208.0
288,344,5,8849,72,2,9,5,1684,WD,Normal,RL,one,finished,266000,6,279453.0
289,345,34,2592,0,2,5,3,1112,WD,Normal,RM,two,finished,85000,4,91435.0
290,346,60,6435,0,1,6,5,1577,WD,Normal,RL,one_and_half,finished,140200,6,137647.0
291,347,12,12772,0,1,6,8,958,WD,Normal,RL,one,finished,151500,5,155949.0
292,348,50,17600,40,2,6,5,1478,WD,Normal,RL,one,finished,157500,6,171567.0
293,349,6,2448,27,3,7,5,1626,WD,Normal,RL,two,finished,154000,6,178430.0
294,350,4,20431,0,3,9,5,2728,New,Partial,RL,two,finished,437154,10,477621.0
295,351,3,7820,54,2,9,5,1869,New,Partial,RL,one,finished,318061,6,300049.0
296,354,7,8520,0,1,6,8,720,WD,Normal,RM,one,finished,105900,5,118257.0
297,355,10,8400,108,1,6,5,1595,WD,Normal,RL,one_and_half,finished,140000,6,179456.0
298,356,15,11249,26,2,6,5,1200,WD,Normal,RL,one,finished,177500,6,161640.0
299,357,18,9248,26,2,6,6,1167,WD,Normal,RL,one,finished,173000,6,156628.0
300,358,34,4224,90,2,5,5,1142,WD,Normal,RM,one,finished,134000,6,111672.0
301,360,12,12011,449,3,8,5,1924,WD,Normal,RL,two,finished,280000,7,259846.0
302,361,32,7540,192,1,6,6,912,WD,Normal,RL,split,finished,156000,5,136219.0
303,362,28,9144,0,1,5,5,1505,WD,Normal,RL,one_and_half,finished,145000,8,149010.0
304,364,3,1680,0,2,6,8,987,WD,Normal,RM,two,finished,118000,5,123729.0
305,365,34,18800,111,3,6,5,1574,WD,Normal,RL,two,finished,190000,6,183926.0
306,366,13,10690,346,1,5,7,1344,WD,Normal,RM,two,finished,147000,6,133446.0
307,367,47,9500,261,2,6,5,1394,WD,Normal,RL,one,finished,159000,6,148558.0
308,368,48,9150,110,1,6,5,1431,WD,Normal,RL,split,finished,165000,6,149956.0
309,369,56,7800,98,1,5,6,1268,WD,Normal,RL,one,finished,132000,7,133914.0
310,370,4,9830,199,1,5,7,1287,WD,Normal,RL,one,finished,162000,7,151700.0
311,371,10,8121,40,3,6,5,1664,WD,Normal,RL,two,finished,172400,7,182577.0
312,372,51,17120,59,2,4,4,1588,WD,Normal,RL,one_and_half,finished,134432,7,142199.0
313,373,26,7175,90,1,6,5,752,WD,Normal,RL,one,finished,125000,4,117019.0
314,374,57,10634,0,1,5,6,1319,WD,Normal,RL,one,finished,123000,5,137162.0
315,375,6,8200,48,3,7,5,1928,WD,Normal,RL,two,finished,219500,8,220787.0
316,376,60,10020,0,1,1,1,904,WD,Normal,RL,one,finished,61000,4,64404.0
317,377,14,8846,0,1,5,5,914,WD,Normal,RL,split,finished,148000,5,130270.0
318,379,0,11394,0,2,9,2,1856,New,Partial,RL,one,finished,394432,8,390245.0
319,380,10,8123,63,3,6,5,1800,WD,Normal,RL,two,finished,179000,7,186310.0
320,381,60,5000,242,2,5,6,1691,WD,Normal,RL,one_and_half,finished,127000,6,140339.0
321,383,4,9245,53,3,7,5,1797,WD,Normal,RL,two,finished,213500,8,221666.0
322,384,60,9000,91,1,6,3,784,WD,Normal,RH,one_and_half,unfinished,76000,5,80488.0
323,385,18,53107,231,3,6,5,1953,WD,Normal,RL,two,finished,240000,9,237963.0
324,386,5,3182,164,2,8,5,1269,WD,Normal,RL,one,finished,192000,6,194993.0
325,389,10,9382,25,2,7,5,1479,WD,Normal,RL,one,finished,191000,6,192127.0
326,390,2,12474,134,3,10,5,2332,New,Partial,RL,two,finished,426000,9,420351.0
327,391,60,8405,242,1,5,8,1367,WD,Normal,RL,one_and_half,finished,119000,7,136325.0
328,392,8,12209,192,3,6,5,1961,WD,Normal,RL,two,finished,215000,7,204212.0
329,393,51,8339,0,1,5,7,882,WD,Normal,RL,one,finished,106500,5,120201.0
330,395,60,10134,39,1,5,6,1034,WD,Normal,RL,one_and_half,finished,109000,5,125458.0
331,396,54,9571,0,1,5,6,1144,WD,Normal,RL,one,finished,129000,6,134203.0
332,397,38,7200,0,1,5,5,894,WD,Normal,RL,one,finished,123000,6,118326.0
333,398,48,7590,168,2,5,5,1812,WD,Normal,RL,two,finished,169500,8,148398.0
334,401,14,14963,254,2,8,5,1288,WD,Normal,RL,one,finished,245500,4,222569.0
335,402,5,8767,0,2,7,5,1310,New,Partial,RL,one,finished,164990,6,185216.0
336,403,13,10200,0,1,5,8,672,WD,Normal,RL,one,finished,108000,4,119645.0
337,405,14,10364,40,3,6,5,1572,WD,Normal,RL,two,finished,168000,7,179700.0
338,406,17,9991,78,2,4,4,1620,WD,Normal,RL,one,finished,150000,8,134870.0
339,407,60,10480,0,1,6,5,1639,WD,Normal,RL,one_and_half,finished,115000,6,143941.0
340,408,34,15576,160,2,6,7,1680,WD,Normal,RL,two,finished,177000,8,189396.0
341,409,4,14154,62,3,7,5,2172,New,Partial,RL,two,finished,280000,9,273633.0
342,412,55,34650,0,1,5,5,1056,WD,Normal,RL,one,finished,145000,5,162729.0
343,414,60,8960,130,1,5,6,1028,WD,Normal,RM,one,finished,115000,5,109111.0
344,415,17,11228,187,3,7,5,2097,WD,Normal,RL,two,finished,228000,9,226774.0
345,416,3,8899,30,2,7,5,1340,New,Partial,RL,one,finished,181134,6,190293.0
346,417,32,7844,0,2,6,7,1400,WD,Normal,RL,two,finished,149500,6,158861.0
347,418,60,22420,0,3,6,6,2624,WD,Normal,RL,two,finished,239000,10,236134.0
348,420,42,8450,269,1,5,6,1056,WD,Normal,RL,one,finished,142000,6,135113.0
349,422,10,16635,0,2,6,7,1602,WD,Normal,RL,one,finished,215000,8,201053.0
350,423,56,21750,0,1,5,5,988,WD,Normal,RL,one,finished,113000,4,143652.0
351,424,12,9200,66,3,8,5,2630,WD,Normal,RL,two,finished,315000,8,304015.0
352,425,54,9000,44,1,6,5,1196,WD,Normal,RL,one,finished,139000,6,139709.0
353,426,18,3378,126,2,7,8,1389,WD,Normal,RM,two,finished,135000,6,145142.0
354,427,21,12800,396,2,7,5,1644,WD,Normal,RL,split,finished,275000,5,202590.0
355,428,53,8593,0,1,4,6,907,WD,Normal,RL,one,finished,109008,5,108854.0
356,429,3,6762,54,2,7,5,1208,New,Partial,RL,one,finished,195400,6,182892.0
357,430,22,11457,169,2,6,5,1412,WD,Normal,RL,one,finished,175000,6,162832.0
358,433,39,1920,36,2,5,5,1365,WD,Normal,RM,two,finished,122500,6,105029.0
359,434,12,10839,36,3,6,5,1604,WD,Normal,RL,two,finished,181000,7,181785.0
360,435,38,1890,0,1,4,7,630,WD,Normal,RM,split,finished,81000,3,79473.0
361,437,60,4400,0,1,6,8,1118,WD,Normal,RM,one_and_half,finished,116000,6,115850.0
362,438,6,6000,105,1,6,7,904,WD,Normal,RM,one_and_half,unfinished,119000,4,132472.0
363,439,8,4280,34,1,5,6,694,WD,Normal,RL,one,finished,90350,4,112858.0
364,441,2,15431,242,2,10,5,2402,WD,Normal,RL,one,finished,555000,10,515213.0
365,442,55,12108,0,2,4,4,1440,WD,Normal,RL,one,finished,118000,8,119790.0
366,443,18,6240,0,2,5,7,1573,WD,Normal,RM,one_and_half,finished,162900,8,134433.0
367,444,3,3922,16,2,7,5,1258,New,Partial,RL,one,finished,172500,6,176520.0
368,445,15,8750,133,3,7,5,1908,WD,Normal,RL,two,finished,210000,8,210769.0
369,447,8,16492,0,3,6,6,1888,WD,Normal,RL,one,finished,190000,6,212537.0
370,448,11,11214,0,3,7,5,1886,WD,Normal,RL,two,finished,199900,10,218356.0
371,449,60,8600,0,2,6,6,1376,WD,Normal,RM,one_and_half,finished,119500,7,125729.0
372,450,8,6000,176,2,3,7,1183,WD,Normal,RM,one_and_half,finished,120000,6,118216.0
373,451,5,5684,113,1,6,8,813,WD,Normal,RM,one,finished,110000,5,125831.0
374,452,35,70761,54,2,7,5,1533,WD,Normal,RL,one,finished,280000,5,256441.0
375,453,13,9303,122,3,6,5,1756,WD,Normal,RL,two,finished,204000,7,184850.0
376,456,37,9600,0,2,7,6,1242,WD,Normal,RL,one,finished,175500,6,170677.0
377,458,16,53227,137,1,4,6,1663,WD,Normal,RL,one,finished,256000,6,211281.0
378,459,14,5100,63,1,8,7,1666,WD,Normal,RM,two,finished,161000,7,193986.0
379,460,60,7015,248,1,5,4,1203,WD,Normal,RL,one_and_half,finished,110000,5,102675.0
380,462,3,7200,0,1,7,9,1135,WD,Normal,RL,two,finished,155000,6,181584.0
381,463,45,8281,236,1,5,5,864,WD,Normal,RL,one,finished,62383,5,117002.0
382,464,15,11988,0,2,6,7,1660,WD,Normal,RL,two,finished,188700,6,186631.0
383,465,32,8430,0,2,5,5,1040,WD,Normal,RL,one,finished,124000,5,130208.0
384,466,6,3072,20,2,7,5,1414,WD,Normal,RM,one,finished,178740,6,152736.0
385,467,40,10628,176,1,7,5,1277,WD,Normal,RL,one,finished,167000,5,169104.0
386,468,15,9480,0,2,5,7,1644,WD,Normal,RL,two,finished,146500,7,162653.0
387,469,4,11428,44,2,8,5,1634,WD,Normal,RL,one,finished,250000,7,256250.0
388,470,17,9291,70,3,6,5,1710,WD,Normal,RL,two,finished,187000,7,177476.0
389,471,25,6820,194,2,8,5,1502,WD,Normal,RL,one,finished,212000,4,210603.0
390,472,33,11952,276,3,7,6,1969,WD,Normal,RL,two,finished,190000,8,211181.0
391,473,5,3675,28,1,6,5,1072,WD,Normal,RM,split,finished,148000,5,134274.0
392,474,3,14977,63,2,8,5,1976,New,Partial,RL,one,finished,440000,7,332260.0
393,475,10,5330,48,2,8,5,1652,WD,Normal,RL,one,finished,251000,6,229739.0
394,476,47,8480,216,1,5,6,970,WD,Normal,RL,one,finished,132500,5,126806.0
395,477,12,13125,39,2,6,5,1493,WD,Normal,RL,one,finished,208900,7,184901.0
396,478,4,13693,84,3,9,5,2643,WD,Normal,RL,two,finished,380000,9,399448.0
397,479,2,10637,44,2,8,5,1718,WD,Normal,RL,one,finished,297000,7,292543.0
398,481,5,16033,112,2,9,5,1850,WD,Normal,RL,one,finished,326000,8,332191.0
399,482,6,11846,49,2,9,5,1792,WD,Normal,RL,one,finished,374000,6,292353.0
400,483,5,2500,0,2,7,8,1826,WD,Normal,RM,two,finished,155000,7,162861.0
401,484,12,4500,125,2,6,5,1216,WD,Normal,RM,one,finished,164000,5,139121.0
402,485,9,7758,132,1,5,7,999,WD,Normal,RL,one,finished,132500,6,138225.0
403,486,3,9600,200,1,5,7,1113,WD,Normal,RL,one,finished,147000,5,147261.0
404,487,45,10289,0,2,5,7,1073,WD,Normal,RL,one,finished,156000,6,137607.0
405,488,39,12243,180,2,5,6,1484,WD,Normal,RL,one,finished,175000,7,154821.0
406,490,8,1526,0,1,4,8,630,WD,Normal,RM,split,finished,86000,3,88608.0
407,491,34,2665,24,2,5,6,1304,WD,Normal,RM,two,finished,115000,4,114812.0
408,492,60,9490,32,1,6,7,1578,WD,Normal,RL,one_and_half,finished,133000,5,159255.0
409,493,4,15578,0,3,6,5,1456,New,Partial,RL,two,finished,172785,8,193135.0
410,494,50,7931,0,2,5,6,1269,WD,Normal,RL,one,finished,155000,6,137129.0
411,495,14,5784,100,1,5,8,886,WD,Normal,RM,one,finished,91300,4,115377.0
412,497,17,12692,366,3,8,5,3228,WD,Normal,RL,one,finished,430000,10,382148.0
413,498,60,9120,100,2,7,6,1820,WD,Normal,RL,one_and_half,finished,184000,8,182842.0
414,499,6,7800,0,1,5,7,899,WD,Normal,RL,one,finished,130000,5,133406.0
415,500,25,7535,285,1,5,7,912,WD,Normal,RL,one,finished,120000,5,127469.0
416,501,37,1890,28,2,6,5,1218,WD,Normal,RM,two,finished,113000,7,110282.0
417,503,45,9170,184,1,5,7,1214,WD,Normal,RL,one,finished,140000,6,139397.0
418,504,13,15602,215,2,7,8,1801,WD,Normal,RL,one,finished,289000,6,232625.0
419,505,36,2308,0,3,6,5,1322,WD,Normal,RL,two,finished,147000,6,132451.0
420,507,16,9554,81,3,8,5,1911,WD,Normal,RL,two,finished,215000,8,243896.0
421,509,5,9600,116,2,7,9,1378,WD,Normal,RM,two,finished,161000,7,167282.0
422,510,51,9600,88,1,5,6,1041,WD,Normal,RL,one,finished,124500,6,131418.0
423,511,10,14559,210,1,5,7,1363,WD,Normal,RL,one,finished,164900,6,165073.0
424,512,4,6792,35,2,7,5,1368,New,Partial,RL,one,finished,202665,6,186875.0
425,513,52,9100,0,1,5,5,864,WD,Normal,RL,one,finished,129900,5,114987.0
426,514,27,9187,158,2,6,5,1080,WD,Normal,RL,one,finished,134000,5,144797.0
427,515,60,10594,112,1,5,5,789,WD,Normal,RL,one_and_half,unfinished,96500,5,95561.0
428,516,1,12220,54,3,10,5,2020,New,Partial,RL,one,finished,402861,9,404605.0
429,518,13,10208,0,3,7,5,2344,WD,Normal,RL,two,finished,265000,7,247496.0
430,519,12,9531,36,3,6,5,1796,WD,Normal,RL,two,finished,211000,7,186274.0
431,520,6,10918,145,2,7,9,2080,WD,Normal,RL,two,finished,234000,9,238681.0
432,521,10,10800,324,2,4,7,1294,WD,Normal,RL,two,finished,106250,7,140796.0
433,522,53,11988,40,2,6,6,1244,WD,Normal,RL,one,finished,150000,6,152061.0
434,523,60,5000,60,2,6,7,1664,WD,Normal,RM,one_and_half,finished,159000,7,132714.0
435,524,2,40094,406,4,10,5,4676,New,Partial,RL,two,finished,184750,11,674958.0
436,525,13,11787,60,3,7,5,2398,WD,Normal,RL,two,finished,315750,8,267100.0
437,527,10,13300,156,1,5,7,928,WD,Normal,RL,one,finished,132000,4,143622.0
438,528,2,14948,66,3,9,5,2713,New,Partial,RL,two,finished,446261,11,459230.0
439,529,8,9098,144,1,4,7,605,WD,Normal,RL,one,finished,86000,5,109401.0
440,532,11,6155,84,2,6,8,1362,WD,Normal,RM,two,finished,128000,6,142078.0
441,533,3,7200,0,1,5,7,827,WD,Normal,RL,one,finished,107500,5,126546.0
442,534,60,5000,0,1,1,3,334,WD,Normal,RL,one,finished,39300,2,43639.0
443,535,6,9056,35,3,8,5,1414,WD,Normal,RL,two,finished,178000,6,211916.0
444,536,19,7000,148,1,5,7,1347,WD,Normal,RL,two,finished,107500,5,144906.0
445,537,11,8924,155,3,7,5,1724,WD,Normal,RL,two,finished,188000,8,205028.0
446,539,42,11553,0,2,5,5,1159,WD,Normal,RL,one,finished,158000,7,138163.0
447,540,8,11423,0,2,8,5,1601,WD,Normal,RL,one,finished,272000,6,241608.0
448,541,4,14601,68,2,9,5,1838,WD,Normal,RL,one,finished,315000,8,337041.0
449,542,10,11000,56,3,8,5,2285,WD,Normal,RL,two,finished,248000,8,277709.0
450,543,11,10140,73,2,7,5,1680,WD,Normal,RL,one,finished,213250,7,207214.0
451,544,12,4058,40,1,7,5,767,WD,Normal,RH,split,finished,133000,4,127187.0
452,545,4,17104,24,3,7,5,1496,New,Partial,RL,two,finished,179665,7,230254.0
453,546,22,13837,0,3,7,5,2183,WD,Normal,RL,one_and_half,finished,229000,9,231979.0
454,547,60,8737,182,2,6,7,1635,WD,Normal,RL,one_and_half,finished,210000,6,159772.0
455,548,40,7244,0,1,5,7,768,WD,Normal,RL,split,finished,129500,5,116531.0
456,549,15,8235,50,1,5,7,825,WD,Normal,RM,one,finished,125000,4,113689.0
457,552,53,6000,0,1,5,6,928,WD,Normal,RM,one,finished,112500,5,107386.0
458,553,4,11146,39,2,8,5,1717,WD,Normal,RL,one,finished,255500,7,262334.0
459,554,7,8777,96,2,4,5,1126,WD,Normal,RL,one,finished,108000,5,132905.0
460,555,6,10625,62,3,7,5,2046,WD,Normal,RL,two,finished,284000,8,236469.0
461,556,60,6380,116,1,5,6,1048,WD,Normal,RM,one_and_half,unfinished,113000,5,110610.0
462,557,53,14850,122,1,5,5,1092,WD,Normal,RL,one,finished,141000,6,143447.0
463,559,13,21872,22,3,7,5,1446,WD,Normal,RL,two,finished,175000,6,212133.0
464,560,6,3196,20,2,7,5,1557,WD,Normal,RL,one,finished,234000,7,185721.0
465,561,14,11341,95,2,5,6,1392,WD,Normal,RL,one,finished,121500,5,153615.0
466,562,35,10010,38,1,5,5,1389,WD,Normal,RL,one,finished,170000,6,141183.0
467,563,41,13907,0,1,5,6,996,WD,Normal,RL,one,finished,108000,6,143624.0
468,564,60,21780,180,2,6,7,1674,WD,Normal,RL,one_and_half,finished,185000,8,190196.0
469,565,10,13346,40,3,7,5,2295,WD,Normal,RL,two,finished,268000,9,254630.0
470,566,60,6858,202,2,6,4,1647,WD,Normal,RL,two,finished,128000,6,132203.0
471,567,3,11198,39,3,9,5,2504,WD,Normal,RL,two,finished,325000,11,359584.0
472,568,6,10171,0,2,7,5,1535,WD,Normal,RL,one,finished,214000,7,204978.0
473,569,1,12327,40,2,8,8,2132,WD,Normal,RL,one_and_half,finished,316600,5,331557.0
474,570,31,7032,0,1,5,5,943,WD,Normal,RL,split,finished,135960,4,122694.0
475,571,45,13101,0,2,5,5,1728,WD,Normal,RL,one,finished,142600,10,156963.0
476,573,1,13159,114,3,7,5,1692,New,Partial,RL,two,finished,224500,6,257624.0
477,574,10,9967,0,3,7,5,1430,WD,Normal,RL,split,finished,170000,8,189767.0
478,575,5,10500,0,1,5,7,1109,WD,Normal,RL,split,finished,139000,5,147727.0
479,577,60,6292,50,2,7,7,1477,WD,Normal,RL,one_and_half,finished,145000,6,168428.0
480,580,56,12150,0,2,5,5,1795,WD,Normal,RM,one_and_half,finished,131500,7,129610.0
481,581,23,14585,110,1,6,6,1429,WD,Normal,RL,one,finished,181900,7,176334.0
482,582,1,12704,90,3,8,5,2042,New,Partial,RL,one,finished,253293,8,327455.0
483,583,20,11841,32,1,6,5,816,WD,Normal,RL,split,finished,118500,5,135019.0
484,584,10,13500,502,4,10,9,2775,WD,Normal,RM,two_and_half,unfinished,325000,9,317309.0
485,585,15,6120,174,1,4,7,1573,WD,Normal,RM,one_and_half,finished,133000,6,127820.0
486,586,4,11443,66,2,8,5,2028,New,Partial,RL,one,finished,369900,7,289249.0
487,587,10,10267,112,1,6,7,838,WD,Normal,RL,one,finished,130000,5,142223.0
488,588,28,8740,0,1,5,6,860,WD,Normal,RL,split,finished,137000,4,125817.0
489,589,7,25095,108,1,5,8,1473,WD,Partial,RL,one,finished,143000,5,181381.0
490,590,50,9100,0,1,5,6,935,WD,Normal,RM,one,finished,79500,4,112742.0
491,591,6,8320,45,3,7,5,1582,WD,Normal,RL,two,finished,185900,6,201372.0
492,593,7,6600,0,1,5,8,816,WD,Normal,RL,one,finished,138000,4,124757.0
493,594,7,4435,0,1,6,5,848,WD,Normal,RM,one,finished,140000,4,129306.0
494,595,35,7990,0,1,5,6,924,WD,Normal,RL,one,finished,110000,5,125912.0
495,596,4,11302,195,2,8,5,1826,New,Partial,RL,one,finished,319000,7,268933.0
496,597,17,3600,158,1,6,7,1368,WD,Normal,RM,two,finished,114504,7,130183.0
497,598,3,3922,16,2,7,5,1402,New,Partial,RL,one,finished,194201,7,182527.0
498,599,33,12984,0,2,5,6,1647,WD,Normal,RL,one,finished,217500,7,164108.0
499,601,5,10927,60,3,8,5,1904,WD,Normal,RL,two,finished,275000,8,260521.0
500,602,60,9000,288,2,6,6,1375,WD,Normal,RM,one_and_half,finished,141000,6,125885.0
501,605,8,12803,36,2,7,5,1494,WD,Normal,RL,one,finished,221000,6,209494.0
502,606,20,13600,231,3,7,6,1986,WD,Normal,RL,two,finished,205000,7,222619.0
503,607,14,12464,0,1,5,5,1040,WD,Normal,RL,one,finished,152000,6,145043.0
504,608,8,7800,0,3,5,8,2008,WD,Normal,RL,two,finished,225000,8,183963.0
505,610,49,7943,39,1,4,5,1029,WD,Normal,RL,one,finished,118500,5,112506.0
506,611,10,11050,142,3,9,5,2153,WD,Normal,RL,two,finished,313000,8,315219.0
507,612,32,10395,0,2,6,6,1032,WD,Normal,RL,split,finished,148000,6,146633.0
508,613,9,11885,122,3,8,5,1872,WD,Normal,RL,two,finished,261500,7,255302.0
509,614,3,8402,30,1,5,5,1120,New,Partial,RL,one,finished,147000,6,144219.0
510,615,38,1491,24,1,4,6,630,WD,Normal,RM,split,finished,75500,3,78980.0
511,617,7,7861,75,3,6,5,1509,WD,Normal,RL,two,finished,183200,7,177498.0
512,618,56,7227,0,1,6,6,832,WD,Normal,RL,one_and_half,unfinished,105500,4,119170.0
513,619,3,11694,368,2,9,5,1828,New,Partial,RL,one,finished,314813,9,313735.0
514,620,7,12244,0,3,8,5,2262,WD,Normal,RL,two,finished,305000,10,285000.0
515,621,60,8248,100,1,3,3,864,WD,Normal,RL,one,finished,67000,5,62492.0
516,622,13,10800,243,3,6,7,2614,WD,Normal,RL,two,finished,240000,9,233056.0
517,623,33,7064,0,1,5,6,980,WD,Normal,RL,one,finished,135000,6,129296.0
518,625,38,10400,147,3,6,5,1790,WD,Normal,RL,two,finished,165150,8,169696.0
519,626,48,10000,385,2,6,6,1116,WD,Normal,RL,one,finished,160000,5,146000.0
520,627,32,12342,36,1,5,5,1422,WD,Normal,RL,one,finished,139900,6,147006.0
521,628,38,9600,189,1,6,6,1520,WD,Normal,RL,split,finished,153000,7,166211.0
522,630,46,9020,0,2,6,5,1350,WD,Normal,RL,split,finished,168500,6,147480.0
523,632,4,4590,73,2,8,5,1554,WD,Normal,RL,one,finished,209500,6,232385.0
524,634,5,9250,0,1,5,7,1056,WD,Normal,RL,one,finished,139400,6,144829.0
525,638,56,6000,0,2,5,4,1387,WD,Normal,RM,one_and_half,finished,93000,7,105713.0
526,639,60,8777,164,1,5,7,796,WD,Normal,RL,one,finished,85000,4,109517.0
527,640,4,3982,0,2,8,5,1567,New,Partial,RL,one,finished,264561,7,226075.0
528,641,6,12677,140,2,8,5,1518,WD,Normal,RL,one,finished,274000,6,244908.0
529,643,15,13860,111,3,8,7,2704,WD,Normal,RL,split,finished,345000,9,336894.0
530,644,41,10793,0,3,5,5,1620,WD,Normal,RL,two,finished,152000,7,149934.0
531,646,39,10530,352,2,6,5,981,WD,Normal,RL,one,finished,143250,5,137655.0
532,647,60,7200,27,1,5,5,1048,WD,Normal,RL,one,finished,98300,7,105588.0
533,648,57,10452,287,1,6,5,1094,WD,Normal,RL,one,finished,155000,5,135512.0
534,649,44,7700,340,2,6,5,1839,WD,Normal,RL,two,finished,155000,7,167629.0
535,650,40,1936,0,1,4,6,630,WD,Normal,RM,split,finished,84500,3,78770.0
536,652,60,9084,0,1,4,5,1510,WD,Normal,RL,two,finished,108000,7,113872.0
537,653,14,8750,120,3,7,5,1716,WD,Normal,RL,two,finished,191000,7,202555.0
538,654,15,10320,239,1,6,7,1469,WD,Normal,RM,one_and_half,finished,135000,7,145539.0
539,655,15,10437,46,3,8,6,2113,WD,Normal,RL,one,finished,350000,7,273606.0
540,657,4,10007,0,2,5,7,1053,WD,Normal,RL,one,finished,145500,5,146201.0
541,658,10,7200,112,2,7,6,1502,WD,Normal,RL,two,finished,149000,6,195552.0
542,660,11,9937,0,1,5,7,1486,WD,Normal,RL,one,finished,167000,7,160268.0
543,661,34,12384,365,3,7,7,1935,WD,Normal,RL,two,finished,197900,7,211484.0
544,662,5,46589,76,3,8,7,2448,WD,Normal,RL,two,finished,402000,8,406809.0
545,663,42,13560,240,1,6,3,1392,WD,Normal,RL,one,finished,110000,5,140262.0
546,664,38,10012,180,2,4,5,1181,WD,Normal,RL,split,finished,137500,6,125082.0
547,665,4,20896,267,2,8,5,2097,New,Partial,RL,one,finished,423000,8,369220.0
548,666,10,11194,124,3,8,5,1936,WD,Normal,RL,two,finished,230500,7,257657.0
549,668,12,8125,42,2,6,5,1679,WD,Normal,RL,one,finished,193500,7,182006.0
550,669,23,14175,0,2,5,6,1437,WD,Normal,RL,one,finished,168000,6,163629.0
551,670,60,11600,67,1,4,5,1180,WD,Normal,RL,one,finished,137500,5,107205.0
552,671,5,8633,35,3,6,5,1476,WD,Normal,RL,two,finished,173500,7,172446.0
553,672,60,6629,0,2,6,6,1369,WD,Normal,RH,two,finished,103600,6,120802.0
554,673,33,11250,42,2,6,6,1208,WD,Normal,RL,one,finished,165000,6,154837.0
555,674,6,14442,287,2,6,7,1839,WD,Normal,RL,one,finished,257500,7,212814.0
556,675,45,9200,0,1,6,6,1136,WD,Normal,RL,one,finished,140000,5,147620.0
557,676,32,2289,0,3,6,6,1441,WD,Normal,RL,two,finished,148500,7,145912.0
558,677,60,9600,90,2,4,2,1774,WD,Normal,RM,two,finished,87000,8,98286.0
559,678,4,9022,120,1,5,8,792,WD,Normal,RL,one,finished,109500,5,127872.0
560,679,2,11844,82,3,8,5,2046,New,Partial,RL,one,finished,372500,7,321972.0
561,680,49,9945,0,1,5,5,988,WD,Normal,RL,one,finished,128500,5,123820.0
562,681,30,8012,0,2,6,5,923,WD,Normal,RL,one,finished,143000,5,133174.0
563,683,13,2887,0,1,6,5,1291,WD,Normal,RL,one,finished,173000,6,150217.0
564,684,8,11248,45,2,9,5,1668,WD,Normal,RL,one,finished,285000,7,278558.0
565,685,12,16770,81,3,7,5,1839,WD,Normal,RL,two,finished,221000,7,234721.0
566,686,26,5062,0,2,7,5,2090,WD,Normal,RL,two,finished,207500,6,203065.0
567,689,3,8089,0,2,8,6,1419,New,Partial,RL,one,finished,392000,7,216288.0
568,690,4,7577,28,2,6,5,1362,WD,Normal,RL,one,finished,194700,6,168924.0
569,691,6,4426,0,1,6,5,848,WD,Normal,RM,one,finished,141000,3,131170.0
570,692,15,21535,50,4,10,6,4316,WD,Normal,RL,two,finished,755000,10,652571.0
571,693,20,26178,27,3,7,5,2519,WD,Normal,RL,two,finished,335000,9,285576.0
572,695,60,6120,0,2,5,6,1539,WD,Normal,RM,one_and_half,finished,141500,5,124131.0
573,696,23,13811,0,2,6,6,1137,WD,Normal,RL,one,finished,176000,5,162870.0
574,697,60,6000,129,1,5,7,616,WD,Normal,RM,one,finished,89000,4,90963.0
575,698,58,6420,0,1,5,7,1148,WD,Normal,RL,one,finished,123500,6,128458.0
576,699,1,8450,144,1,5,8,894,WD,Normal,RL,one,finished,138500,5,140297.0
577,701,8,14331,78,2,8,5,1800,WD,Normal,RL,one,finished,312500,7,262683.0
578,703,4,12438,100,3,8,5,2576,New,Partial,RL,two,finished,361919,10,326052.0
579,704,14,7630,40,2,5,9,1812,WD,Normal,RM,two,finished,140000,8,142272.0
580,705,5,8400,179,2,7,5,1484,WD,Normal,RL,one,finished,213000,7,199613.0
581,706,60,5600,0,2,4,5,1092,WD,Normal,RM,two,finished,55000,7,83288.0
582,707,8,115149,48,2,7,5,1824,WD,Normal,RL,one,finished,302000,5,286467.0
583,708,4,6240,38,2,8,5,1324,WD,Normal,RL,one,finished,254000,6,209176.0
584,709,3,9018,24,3,7,5,1456,New,Partial,RL,two,finished,179540,8,195044.0
585,711,7,4130,0,1,3,6,729,WD,Normal,RL,one,finished,52000,5,99186.0
586,713,21,4671,120,2,8,5,1228,WD,Normal,RL,one,finished,189000,5,190650.0
587,714,40,9873,288,1,4,5,960,WD,Normal,RL,one,finished,129000,6,113547.0
588,715,5,13517,44,3,6,8,1479,WD,Normal,RL,two,finished,130500,6,182463.0
589,716,36,10140,0,2,6,5,1350,WD,Normal,RL,one,finished,165000,7,153095.0
590,717,12,10800,191,2,7,8,2554,WD,Normal,RM,two,finished,159500,8,208609.0
591,718,10,10000,0,2,5,6,1178,WD,Normal,RL,one,finished,157000,5,148697.0
592,719,16,10542,370,3,7,5,2418,WD,Normal,RL,two,finished,341000,9,262865.0
593,720,41,9920,0,2,5,6,971,WD,Normal,RL,one,finished,128500,5,131221.0
594,721,25,6563,262,2,8,5,1742,WD,Normal,RL,one,finished,275000,5,215639.0
595,722,6,4426,0,1,6,5,848,WD,Normal,RM,one,finished,143000,3,131170.0
596,723,40,8120,0,1,4,7,864,WD,Normal,RL,one,finished,124500,5,112330.0
597,724,38,8172,156,2,4,6,1470,WD,Normal,RL,one_and_half,finished,135000,7,137092.0
598,725,2,13286,64,2,9,5,1698,WD,Normal,RL,one,finished,320000,8,334000.0
599,726,40,6960,0,1,4,6,864,WD,Normal,RL,one,finished,120500,5,109973.0
600,727,3,21695,226,2,6,9,1680,WD,Normal,RL,one,finished,222000,5,225471.0
601,728,3,7314,0,2,7,5,1232,WD,Normal,RL,one,finished,194500,6,183928.0
602,730,60,6240,135,1,4,5,1208,WD,Normal,RM,one_and_half,finished,103000,5,91899.0
603,731,14,5389,152,2,8,5,1616,WD,Normal,RL,one,finished,236500,5,225111.0
604,732,7,9590,22,2,7,5,1146,WD,Normal,RL,split,finished,187500,6,178954.0
605,733,11,11404,84,3,7,5,2031,WD,Normal,RL,two,finished,222500,8,232674.0
606,734,27,10000,0,1,5,6,1144,WD,Normal,RL,one,finished,131400,6,141730.0
607,736,40,10800,341,2,7,7,1768,WD,Normal,RM,two_and_half,unfinished,163000,6,159456.0
608,737,60,8544,0,2,3,4,1040,WD,Normal,RL,one,finished,93500,6,82208.0
609,738,5,10463,116,3,8,5,1801,WD,Normal,RL,two,finished,239900,8,254058.0
610,740,6,9313,56,3,7,5,1728,WD,Normal,RL,two,finished,190000,7,208817.0
611,742,14,6768,0,1,6,8,912,WD,Normal,RL,one,finished,142000,5,142722.0
612,743,9,8450,55,2,7,5,1349,WD,Normal,RL,one,finished,179000,6,182761.0
613,744,11,12886,100,2,5,6,1464,WD,Normal,RL,split,finished,175000,6,164089.0
614,745,17,5395,238,2,8,5,1337,WD,Normal,RL,one,finished,180000,5,198712.0
615,746,14,8963,204,4,8,9,2715,WD,Normal,RL,two,finished,299800,11,311288.0
616,747,10,8795,54,3,7,5,2256,WD,Normal,RL,two,finished,236000,8,236888.0
617,748,7,11700,386,2,7,7,2640,WD,Normal,RM,two,finished,265979,8,223352.0
618,749,14,10593,210,2,7,5,1720,WD,Normal,RL,one,finished,260400,7,207131.0
619,750,60,8405,185,2,4,3,1529,WD,Normal,RL,one_and_half,finished,98000,9,98463.0
620,751,6,8800,160,1,4,7,1140,WD,Normal,RM,one_and_half,finished,96500,7,121358.0
621,752,7,7750,48,3,7,5,1320,WD,Normal,RL,two,finished,162000,6,181079.0
622,753,13,9236,27,2,6,5,1494,WD,Normal,RL,one,finished,217000,6,176460.0
623,754,5,10240,52,3,8,5,2098,WD,Normal,RL,two,finished,275500,8,283647.0
624,755,5,7930,48,1,6,8,1026,WD,Normal,RL,one,finished,156000,5,152973.0
625,757,3,10769,105,3,8,5,1768,WD,Normal,RL,two,finished,212000,7,264105.0
626,760,15,12257,98,3,8,5,2531,WD,Normal,RL,two,finished,290000,9,304029.0
627,761,51,9100,0,1,6,6,864,WD,Normal,RL,one,finished,127500,5,130087.0
628,762,60,6911,0,1,5,5,1301,WD,Normal,RM,one,finished,100000,5,103433.0
629,764,11,9430,308,3,8,5,2365,WD,Normal,RL,two,finished,337000,8,291516.0
630,765,14,9549,246,2,8,5,1494,WD,Normal,RL,one,finished,270000,6,229133.0
631,766,2,14587,174,2,9,5,1506,New,Partial,RL,one,finished,264132,6,327632.0
632,767,22,10421,222,3,7,5,1714,WD,Normal,RL,two,finished,196500,7,196267.0
633,768,25,12508,156,2,6,7,1750,WD,Normal,RL,one_and_half,finished,160000,7,181717.0
634,769,5,9100,33,2,7,5,1836,WD,Normal,RL,one,finished,216837,8,218112.0
635,770,7,53504,246,4,8,5,3279,WD,Normal,RL,two,finished,538000,12,510800.0
636,771,28,7252,0,1,5,5,858,WD,Normal,RL,split,finished,134900,5,121009.0
637,775,4,14226,45,2,8,5,1973,New,Partial,RL,one,finished,395000,9,318429.0
638,776,12,4500,247,2,6,5,1204,WD,Normal,RM,one,finished,162000,5,138620.0
639,777,4,11210,59,2,7,5,1614,New,Partial,RL,one,finished,221500,7,214204.0
640,778,36,13350,0,1,5,5,894,WD,Normal,RL,one,finished,142500,5,130474.0
641,779,33,8400,0,2,5,5,2020,WD,Normal,RH,one,finished,144000,10,132272.0
642,780,33,10530,0,1,6,5,1004,WD,Normal,RL,split,finished,135000,4,138739.0
643,781,14,7875,21,2,7,5,1253,WD,Normal,RL,one,finished,176000,6,176508.0
644,782,18,7153,124,3,6,5,1603,WD,Normal,RL,two,finished,175900,7,169052.0
645,783,8,16285,33,2,7,5,1430,WD,Normal,RL,one,finished,187100,6,206919.0
646,784,32,9101,30,1,5,6,1110,WD,Normal,RL,split,finished,165500,4,138736.0
647,785,9,6300,425,2,6,6,1484,WD,Normal,RM,two_and_half,unfinished,128000,9,146329.0
648,786,43,9790,197,2,6,5,1342,WD,Normal,RL,one,finished,161500,7,149570.0
649,787,60,10800,196,2,5,6,1652,WD,Normal,RM,one_and_half,finished,139000,7,130371.0
650,788,6,10142,45,3,7,5,2084,WD,Normal,RL,two,finished,233000,8,236030.0
651,789,10,6000,0,1,4,7,901,WD,Normal,RM,one,finished,107900,4,110925.0
652,790,3,12205,168,3,6,8,2087,WD,Normal,RL,two,finished,187500,9,226020.0
653,791,4,3182,16,2,7,5,1145,WD,Normal,RL,one,finished,160200,5,167314.0
654,792,34,11333,0,1,6,5,1062,WD,Normal,RL,split,finished,146800,5,145169.0
655,793,13,9920,130,3,7,5,2013,WD,Normal,RL,two,finished,269790,8,227146.0
656,794,3,9158,130,2,8,5,1496,New,Partial,RL,one,finished,225000,7,237537.0
657,795,14,10832,46,3,7,5,1895,WD,Normal,RL,two,finished,194500,7,215826.0
658,796,29,8400,254,3,6,6,1564,WD,Normal,RL,two,finished,171000,7,167882.0
659,797,33,8197,0,2,6,5,1285,WD,Normal,RL,one,finished,143500,7,148849.0
660,799,1,13518,78,4,9,5,3140,New,Partial,RL,two,finished,485000,11,464593.0
661,800,60,7200,264,2,5,7,1768,WD,Normal,RL,one_and_half,finished,175000,7,149181.0
662,801,13,12798,299,3,6,5,1688,WD,Normal,RL,two,finished,200000,8,189625.0
663,802,20,4800,0,1,4,7,1196,WD,Normal,RM,one,finished,109900,5,112310.0
664,803,5,8199,18,3,7,5,1456,WD,Normal,RL,two,finished,189000,7,190802.0
665,804,1,13891,362,4,9,5,2822,New,Partial,RL,two,finished,582933,12,475147.0
666,806,2,12274,60,2,7,5,1428,New,Partial,RL,one,finished,227680,6,219625.0
667,807,43,9750,0,2,5,5,980,WD,Normal,RL,split,finished,135500,6,125071.0
668,808,6,21384,312,2,5,6,1576,WD,Normal,RL,two,finished,223500,6,190344.0
669,809,44,13400,0,1,5,5,1086,WD,Normal,RL,split,finished,159950,6,139805.0
670,810,45,8100,156,2,5,5,2138,WD,Normal,RM,two_and_half,unfinished,106000,11,134952.0
671,811,11,10140,0,2,6,6,1309,WD,Normal,RL,one,finished,181000,5,166821.0
672,815,60,8248,96,2,5,7,1250,WD,Normal,RL,one_and_half,finished,116000,7,130046.0
673,816,12,12137,34,2,7,5,1661,WD,Normal,RL,one,finished,224900,6,211505.0
674,817,56,11425,120,1,5,6,1008,WD,Normal,RL,one,finished,137000,4,128266.0
675,818,8,13265,59,2,8,5,1689,WD,Normal,RL,one,finished,271000,7,252414.0
676,819,39,8816,0,1,6,7,1052,WD,Normal,RL,split,finished,155000,6,146187.0
677,820,0,6371,35,2,7,5,1358,New,Partial,RL,one,finished,224000,6,211494.0
678,821,7,7226,45,3,7,5,1640,WD,Normal,RL,two,finished,183000,6,199242.0
679,822,57,6000,144,1,4,4,936,WD,Normal,RM,one,finished,93000,4,85272.0
680,824,60,9900,0,2,6,7,1489,WD,Normal,RL,one_and_half,finished,139500,7,158626.0
681,826,2,14803,45,2,10,5,2084,New,Partial,RL,one,finished,385000,7,428801.0
682,827,60,6130,116,1,5,6,784,WD,Normal,RM,one_and_half,unfinished,109500,5,98837.0
683,828,9,8529,39,2,7,5,1434,WD,Normal,RL,one,finished,189000,6,187246.0
684,831,53,11900,192,2,6,5,1392,WD,Normal,RL,one,finished,166000,6,150921.0
685,833,7,9548,39,3,7,6,1829,WD,Normal,RL,two,finished,237000,7,215065.0
686,834,46,10004,152,2,6,6,1516,WD,Normal,RL,one,finished,167000,6,163227.0
687,835,49,7875,0,1,5,6,1144,WD,Normal,RL,one,finished,139950,6,134833.0
688,836,15,9600,0,2,4,7,1067,WD,Normal,RL,one,finished,128000,4,131294.0
689,838,37,1680,0,2,6,5,987,WD,Normal,RM,two,finished,100000,5,102489.0
690,839,4,9525,0,2,5,6,1099,WD,Normal,RL,one,finished,144000,6,146388.0
691,840,15,11767,0,1,5,6,1200,WD,Normal,RL,one_and_half,finished,130500,6,149647.0
692,841,60,12155,254,2,6,8,1482,WD,Normal,RH,two,finished,140000,7,133363.0
693,842,8,10440,146,2,5,8,1539,WD,Normal,RM,two,finished,157500,8,140595.0
694,843,44,9020,129,2,6,7,1165,WD,Normal,RL,split,finished,174900,6,149732.0
695,844,49,8000,0,2,5,4,1800,WD,Normal,RL,one,finished,141000,10,135727.0
696,845,60,12665,194,2,5,8,1416,WD,Normal,RM,one_and_half,finished,153900,7,130220.0
697,846,29,16647,0,2,5,5,1701,WD,Normal,RL,split,finished,171000,6,171373.0
698,847,17,9317,264,3,7,5,1775,WD,Normal,RL,two,finished,213000,7,199314.0
699,848,38,15523,0,1,5,6,864,WD,Normal,RL,one,finished,133500,5,143226.0
700,849,13,45600,215,3,6,8,2358,WD,Normal,RL,one_and_half,finished,240000,10,267255.0
701,850,16,9600,100,3,6,7,1855,WD,Normal,RL,split,finished,187000,7,189878.0
702,851,7,4435,0,1,6,5,848,WD,Normal,RM,one,finished,131500,3,129306.0
703,852,7,3196,20,2,8,5,1456,WD,Normal,RL,one,finished,215000,7,205289.0
704,853,60,7128,126,2,7,5,1646,WD,Normal,RL,two_and_half,unfinished,164000,7,159308.0
705,854,46,12095,0,2,6,6,1445,WD,Normal,RL,split,finished,158000,7,161403.0
706,856,0,6897,104,2,5,8,1040,WD,Normal,RL,one,finished,127000,6,150386.0
707,857,32,10970,34,1,6,6,1026,WD,Normal,RL,split,finished,147000,5,144672.0
708,858,15,8125,36,3,6,5,1481,WD,Normal,RL,two,finished,174000,6,168520.0
709,860,26,11029,287,3,6,7,2654,WD,Normal,RL,two,finished,250000,9,231925.0
710,861,12,7642,240,2,7,8,1426,WD,Normal,RL,one_and_half,finished,189950,7,184833.0
711,862,45,11625,0,2,5,4,1039,WD,Normal,RL,one,finished,131500,6,120268.0
712,863,25,9672,0,2,6,5,1097,WD,Normal,RL,one,finished,152000,6,146371.0
713,864,51,7931,0,1,5,5,1148,WD,Normal,RL,one,finished,132500,6,128962.0
714,866,40,8750,0,1,5,6,1002,WD,Normal,RL,one,finished,148500,5,130396.0
715,867,3,10656,80,2,8,5,1646,New,Partial,RL,one,finished,248900,6,261068.0
716,868,49,6970,0,2,4,5,1120,WD,Normal,RL,one,finished,129000,5,114820.0
717,869,60,14762,144,2,5,6,2320,WD,Normal,RL,two,finished,169000,7,180653.0
718,870,16,9938,90,3,7,5,1949,WD,Normal,RL,two,finished,236000,8,221319.0
719,871,48,6600,0,1,5,5,894,WD,Normal,RL,one,finished,109500,5,113136.0
720,872,12,8750,77,3,6,5,1682,WD,Normal,RL,two,finished,200500,7,182611.0
721,873,14,8892,150,1,5,7,910,WD,Normal,RL,one,finished,116000,5,132143.0
722,874,60,12144,28,1,5,7,1268,WD,Normal,RL,one,finished,133000,6,139613.0
723,877,47,25286,0,1,4,5,1040,WD,Normal,RL,one,finished,132250,5,141401.0
724,878,5,8834,0,3,9,5,2224,WD,Normal,RL,two,finished,350000,10,317329.0
725,879,15,11782,0,1,5,7,1155,WD,Normal,RL,split,finished,148000,6,148638.0
726,880,5,7000,0,1,5,8,864,WD,Normal,RL,one,finished,136500,6,130702.0
727,881,4,7024,49,2,5,5,1090,WD,Normal,RL,one,finished,157000,5,141738.0
728,882,19,13758,36,3,7,5,1717,WD,Normal,RL,one_and_half,finished,187500,7,208279.0
729,883,17,9636,40,3,6,5,1593,WD,Normal,RL,two,finished,178000,7,173702.0
730,884,60,6204,188,1,4,5,2230,WD,Normal,RL,two_and_half,finished,118500,10,135064.0
731,885,43,7150,0,1,5,5,892,WD,Normal,RL,one,finished,100000,5,116283.0
732,888,55,16466,265,2,5,7,1393,WD,Normal,RL,one_and_half,finished,135500,8,157972.0
733,889,40,15865,431,2,8,6,2217,WD,Normal,RL,one,finished,268000,8,268926.0
734,890,57,12160,162,1,6,4,1505,WD,Normal,RL,one,finished,149500,6,146927.0
735,891,4,8064,0,1,5,7,924,WD,Normal,RL,one_and_half,finished,122900,6,134103.0
736,892,32,11184,0,3,6,5,1683,WD,Normal,RL,two,finished,172500,7,167709.0
737,893,7,8414,0,1,6,8,1068,WD,Normal,RL,one,finished,154500,6,156940.0
738,894,56,13284,116,1,5,5,1383,WD,Normal,RL,one,finished,165000,6,142164.0
739,896,47,7056,50,2,6,5,1796,WD,Normal,RL,two,finished,140000,8,159712.0
740,899,0,12919,67,3,9,5,2364,New,Partial,RL,one,finished,611657,11,518806.0
741,900,16,6993,0,1,5,7,1236,WD,Normal,RL,one,finished,135000,6,143358.0
742,901,39,7340,0,1,4,6,858,WD,Normal,RL,one,finished,110000,4,111408.0
743,902,10,8712,0,1,5,7,1306,WD,Normal,RL,one,finished,153000,5,149298.0
744,903,7,7875,75,3,7,5,1509,WD,Normal,RL,two,finished,180000,8,197378.0
745,904,4,14859,60,2,7,5,1670,New,Partial,RL,one,finished,240000,7,242630.0
746,905,43,6173,0,1,5,6,902,WD,Normal,RL,one,finished,125500,6,120730.0
747,906,56,9920,164,1,5,5,1063,WD,Normal,RL,one,finished,128000,6,124761.0
748,907,4,13501,60,2,8,5,1636,WD,Normal,RL,one,finished,255000,8,261843.0
749,908,23,11500,322,2,7,7,2057,WD,Normal,RL,one_and_half,finished,250000,6,219932.0
750,909,27,8885,0,1,5,5,902,WD,Normal,RL,one,finished,131000,5,124227.0
751,910,5,12589,24,3,6,5,1484,WD,Normal,RL,two,finished,174000,8,184132.0
752,911,50,11600,0,2,5,5,2274,WD,Normal,RL,two,finished,154300,12,168761.0
753,912,21,9286,0,2,5,7,1268,WD,Normal,RL,one,finished,143500,5,144263.0
754,914,60,6270,0,2,5,6,2002,WD,Normal,RH,two,finished,145000,8,132223.0
755,916,40,2001,0,2,4,5,1092,WD,Normal,RM,two,finished,75000,6,89901.0
756,918,54,17140,0,1,4,6,1229,WD,Normal,RL,one,finished,135000,6,146079.0
757,919,19,13125,416,3,7,5,2127,WD,Normal,RL,two,finished,238000,8,229553.0
758,920,8,11029,241,1,6,8,1414,WD,Normal,RL,one,finished,176500,6,171769.0
759,921,16,8462,87,3,6,5,1721,WD,Normal,RL,two,finished,201000,7,181139.0
760,922,7,8777,70,4,5,7,2200,WD,Normal,RL,one_and_half,finished,145900,9,190863.0
761,923,4,10237,23,2,6,5,1316,New,Partial,RL,one,finished,169990,6,169737.0
762,924,16,8012,69,2,6,5,1617,WD,Normal,RL,one,finished,193000,5,176746.0
763,925,30,10240,131,2,6,6,1686,WD,Normal,RL,one,finished,207500,7,173737.0
764,927,6,11999,100,3,8,5,2374,WD,Normal,RL,two,finished,285000,10,310264.0
765,928,42,9900,43,3,7,5,1978,WD,Normal,RL,two,finished,176000,9,199499.0
766,929,9,11838,151,2,8,5,1788,WD,Normal,RL,one,finished,236500,7,249131.0
767,930,13,13006,0,3,7,5,2236,WD,Normal,RL,two,finished,222000,8,248529.0
768,931,3,8925,18,2,8,5,1466,WD,Normal,RL,one,finished,201000,7,225713.0
769,932,45,9100,0,1,5,6,925,WD,Normal,RL,one,finished,117500,5,124553.0
770,933,4,11670,191,2,9,5,1905,WD,Normal,RL,one,finished,320000,8,316689.0
771,934,6,8487,36,2,7,5,1500,WD,Normal,RL,one,finished,190000,6,199663.0
772,935,3,27650,0,2,7,7,2069,WD,Normal,RL,one,finished,242000,9,288455.0
773,936,57,5825,32,1,4,5,747,WD,Normal,RL,one,finished,79900,5,80321.0
774,937,7,10083,41,2,7,5,1200,WD,Normal,RL,one,finished,184900,5,182113.0
775,938,5,9675,48,3,7,5,1971,WD,Normal,RL,two,finished,253000,8,231311.0
776,939,4,8760,90,3,7,5,1962,New,Partial,RL,two,finished,239799,7,241043.0
777,941,34,12640,0,2,6,5,1728,WD,Normal,RL,one,finished,150900,8,173293.0
778,942,11,8755,168,3,7,5,2060,WD,Normal,RL,two,finished,214000,8,227513.0
779,944,43,25000,0,2,5,4,1632,WD,Normal,RL,one,finished,143000,8,160757.0
780,946,14,8820,244,1,5,6,1869,WD,Normal,RM,one_and_half,finished,124900,7,144513.0
781,947,51,8163,0,1,5,6,1144,WD,Normal,RL,split,finished,143000,6,134023.0
782,948,7,14536,252,2,8,5,1629,WD,Normal,RL,one,finished,270000,9,256595.0
783,949,8,14006,96,3,7,5,1776,WD,Normal,RL,two,finished,192500,7,225006.0
784,950,4,9360,0,2,6,7,1381,WD,Normal,RL,one,finished,197500,5,170798.0
785,951,8,7200,0,1,5,8,864,WD,Normal,RL,one,finished,129000,5,131063.0
786,953,7,7200,0,1,5,8,768,WD,Normal,RL,split,finished,133900,5,125149.0
787,954,41,11075,189,3,5,4,1968,WD,Normal,RL,two,finished,172000,7,152242.0
788,956,60,7136,0,2,6,6,1958,WD,Normal,RH,two,finished,145000,8,137997.0
789,957,30,1300,0,2,6,6,1229,WD,Normal,RM,two,finished,124000,5,118418.0
790,958,48,7420,0,1,5,5,1057,WD,Normal,RL,one,finished,132000,6,126119.0
791,959,7,8450,39,2,7,5,1337,WD,Normal,RL,one,finished,185000,6,182867.0
792,961,2,7207,0,1,5,7,858,WD,Normal,RL,one,finished,116500,4,136632.0
793,962,15,12227,282,3,6,7,2872,WD,Normal,RL,two,finished,272000,11,251129.0
794,963,34,2308,0,3,6,6,1548,WD,Normal,RL,two,finished,155000,7,149826.0
795,964,3,11923,136,2,9,5,1800,WD,Normal,RL,one,finished,239000,7,304348.0
796,965,7,11316,40,3,7,5,1894,WD,Normal,RL,two,finished,214900,8,220009.0
797,966,3,10237,72,3,6,5,1484,New,Partial,RL,two,finished,178900,8,182898.0
798,967,60,9600,70,2,5,7,1308,WD,Normal,RL,one_and_half,finished,160000,7,135217.0
799,968,55,7390,0,1,5,7,1098,WD,Normal,RL,one,finished,135000,6,130344.0
800,972,6,2268,27,2,7,5,1626,WD,Normal,RL,two,finished,173000,6,178430.0
801,973,31,7892,0,2,6,5,918,WD,Normal,RL,one,finished,99500,5,131628.0
802,975,17,11414,135,1,7,8,2019,WD,Normal,RL,two,finished,167500,8,221077.0
803,977,52,5900,0,1,4,7,869,WD,Normal,RL,one,finished,85500,4,102707.0
804,980,47,8816,80,1,5,6,1121,WD,Normal,RL,one,finished,139000,5,134312.0
805,981,3,12122,76,1,7,9,999,WD,Normal,RL,split,finished,178400,6,183666.0
806,982,11,12203,0,3,8,5,2612,WD,Normal,RL,two,finished,336000,8,309003.0
807,983,3,3182,16,2,7,5,1266,WD,Normal,RL,one,finished,159895,6,172335.0
808,984,8,11250,0,3,8,5,2290,WD,Normal,RL,two,finished,255900,9,279553.0
809,987,7,5310,0,1,6,8,1635,WD,Normal,RM,one_and_half,finished,117000,5,149323.0
810,988,0,10159,95,3,9,5,1940,New,Partial,RL,one,finished,395192,8,398865.0
811,989,34,12046,224,3,6,6,2030,WD,Normal,RL,two,finished,195000,8,189223.0
812,991,12,9452,70,3,8,5,2392,WD,Normal,RL,two,finished,348000,7,291141.0
813,992,24,17671,169,2,8,9,1742,WD,Normal,RM,two,finished,168000,8,205020.0
814,993,17,9760,42,3,6,8,1851,WD,Normal,RL,two,finished,187000,7,186103.0
815,994,4,8846,35,3,6,5,1500,New,Partial,RL,two,finished,173900,6,181589.0
816,995,3,12456,48,2,10,5,1718,WD,Normal,RL,one,finished,337500,7,330546.0
817,998,40,11717,0,2,6,6,1442,WD,Normal,RL,one,finished,185000,6,164011.0
818,999,60,9786,148,1,3,4,1077,WD,Normal,RM,one,finished,91000,6,84234.0
819,1000,4,6762,61,2,7,5,1208,WD,Normal,RL,one,finished,206000,6,182083.0
820,1001,58,10206,0,1,3,3,944,WD,Normal,RL,one,finished,82000,4,79530.0
821,1003,4,11957,104,2,8,5,1574,WD,Normal,RL,one,finished,232000,7,250559.0
822,1004,34,11500,0,2,5,6,1680,WD,Normal,RL,one,finished,136905,8,159854.0
823,1005,4,3182,0,2,7,5,1504,WD,Normal,RL,one,finished,181000,7,188856.0
824,1006,33,8385,0,2,5,8,985,WD,Normal,RL,split,finished,149900,6,131499.0
825,1007,40,12155,147,2,6,3,1657,WD,Normal,RL,one,finished,163500,7,150264.0
826,1008,40,2217,0,2,4,4,1092,WD,Normal,RM,two,finished,88000,6,83199.0
827,1009,5,12118,228,2,7,5,1710,WD,Normal,RL,one,finished,240000,7,219705.0
828,1010,60,6000,138,2,5,5,1522,WD,Normal,RL,one_and_half,finished,102000,7,121524.0
829,1011,60,21286,108,2,5,5,1271,WD,Normal,RL,one_and_half,finished,135000,7,142136.0
830,1012,45,9825,0,2,5,5,1664,WD,Normal,RL,one,finished,100000,8,147693.0
831,1013,14,10592,165,2,6,7,1502,WD,Normal,RL,two,finished,165000,7,178498.0
832,1014,4,7200,256,1,5,4,1022,WD,Normal,RM,one,finished,85000,4,113612.0
833,1015,60,11664,130,1,6,5,1082,WD,Normal,RL,one,finished,119200,5,125117.0
834,1016,9,8400,45,3,8,6,1665,WD,Normal,RL,two,finished,227000,6,235706.0
835,1017,14,11883,66,2,7,5,1504,WD,Normal,RL,one,finished,203000,6,204014.0
836,1019,18,10784,0,3,7,5,1472,WD,Normal,RL,split,finished,160000,7,184454.0
837,1020,5,3013,20,2,7,5,1506,WD,Normal,RL,one,finished,213490,6,187040.0
838,1021,5,7024,64,2,4,5,1132,WD,Normal,RL,one,finished,176000,5,132560.0
839,1022,4,7406,54,2,7,5,1220,New,Partial,RL,one,finished,194000,6,183091.0
840,1023,60,9439,192,1,5,5,1248,WD,Normal,RM,one_and_half,finished,87000,6,102583.0
841,1024,4,3182,20,2,7,5,1504,WD,Normal,RL,one,finished,191000,7,188856.0
842,1026,38,7700,0,1,5,5,882,WD,Normal,RL,one,finished,112500,5,119102.0
843,1027,50,9300,143,1,5,5,1264,WD,Normal,RL,one,finished,167500,6,132090.0
844,1028,2,9520,44,2,8,5,1646,New,Partial,RL,one,finished,293077,7,286804.0
845,1029,60,9492,0,1,5,5,1376,WD,Normal,RL,one_and_half,finished,105000,6,118963.0
846,1030,38,1680,28,2,6,7,1218,WD,Normal,RM,two,finished,118000,7,117197.0
847,1031,15,7082,228,2,5,8,1928,WD,Normal,RH,two,finished,160000,10,142987.0
848,1032,40,15863,63,3,7,3,3082,WD,Normal,RL,two_and_half,finished,197000,12,238668.0
849,1034,8,8125,136,2,7,5,1654,WD,Normal,RL,one,finished,230000,6,202296.0
850,1035,60,6305,0,1,5,7,954,WD,Normal,RL,one,finished,119750,5,115445.0
851,1036,53,11500,0,1,4,3,845,WD,Normal,RL,one,finished,84000,5,86879.0
852,1037,2,12898,0,2,9,5,1620,WD,Normal,RL,one,finished,315500,6,318569.0
853,1038,8,9240,234,3,8,5,2263,WD,Normal,RL,two,finished,287000,7,271619.0
854,1039,2,1533,0,2,4,6,1344,WD,Normal,RM,two,finished,97000,6,115899.0
855,1040,40,1477,0,1,4,4,630,WD,Normal,RM,split,finished,80000,3,66240.0
856,1041,10,13125,0,2,5,4,1803,WD,Normal,RL,one,finished,155000,8,163273.0
857,1042,10,9130,40,2,6,8,1632,WD,Normal,RL,two,finished,173000,7,181782.0
858,1043,5,5381,63,2,6,5,1306,WD,Normal,RL,one,finished,196000,5,163006.0
859,1044,20,11839,121,3,7,5,2329,WD,Normal,RL,two,finished,262280,10,232279.0
860,1045,29,9600,120,3,8,5,2524,WD,Normal,RL,one,finished,278000,9,267479.0
861,1046,55,13680,0,2,3,5,1733,WD,Normal,RL,one,finished,139600,8,141125.0
862,1047,4,16056,108,4,9,5,2868,New,Partial,RL,two,finished,556581,11,436818.0
863,1048,15,9245,0,1,5,5,990,WD,Normal,RL,one,finished,145000,5,134465.0
864,1049,4,21750,0,1,5,4,1771,WD,Normal,RL,one,finished,115000,9,186062.0
865,1051,3,8993,22,2,7,5,1302,New,Partial,RL,one,finished,176485,6,188497.0
866,1052,3,11175,20,2,7,5,1316,New,Partial,RL,one,finished,200141,6,192770.0
867,1053,32,9500,52,2,6,6,1977,WD,Normal,RL,two,finished,165000,9,184254.0
868,1054,8,8562,78,1,5,6,1526,WD,Normal,RL,one,finished,144500,7,160117.0
869,1055,8,11367,60,3,8,5,1989,WD,Normal,RL,two,finished,255000,7,266663.0
870,1057,5,7052,36,2,7,5,1364,WD,Normal,RL,one,finished,185850,6,184588.0
871,1058,16,29959,98,3,7,6,1850,WD,Normal,RL,two,finished,248000,7,245286.0
872,1059,2,11308,102,3,9,5,2184,WD,Normal,RL,two,finished,335000,10,366759.0
873,1060,60,11275,19,2,6,7,1991,WD,Normal,RL,one_and_half,finished,220000,7,180176.0
874,1061,9,4920,170,2,8,5,1338,WD,Normal,RL,one,finished,213500,6,203761.0
875,1063,60,13600,57,2,5,5,2337,WD,Normal,RM,two,finished,90000,10,133371.0
876,1064,30,6000,120,1,6,6,1103,WD,Normal,RM,one,finished,110500,5,125904.0
877,1065,44,11000,58,2,5,6,1154,WD,Normal,RL,one,finished,154000,6,140000.0
878,1066,13,14000,44,3,7,5,2260,WD,Normal,RL,two,finished,328000,7,254686.0
879,1067,16,7837,40,3,6,7,1571,WD,Normal,RL,two,finished,178000,7,176507.0
880,1068,46,9760,317,2,6,6,1611,WD,Normal,RL,two,finished,167900,7,164592.0
881,1069,37,3964,20,3,6,4,2521,WD,Normal,RM,two,finished,151400,10,142719.0
882,1070,7,9600,0,1,5,7,893,WD,Normal,RL,one_and_half,unfinished,135000,4,133806.0
883,1071,54,10152,212,1,5,5,1048,WD,Normal,RL,one,finished,135000,6,125724.0
884,1072,42,11700,0,2,6,6,1556,WD,Normal,RL,two,finished,154000,8,170314.0
885,1073,60,7585,0,1,5,3,1456,WD,Normal,RL,one_and_half,finished,91500,7,103498.0
886,1074,33,7950,0,2,6,6,1426,WD,Normal,RL,two,finished,159500,6,158356.0
887,1075,4,8556,93,2,7,5,1240,WD,Normal,RL,one,finished,194000,5,184884.0
888,1077,21,10800,21,2,5,8,1466,WD,Normal,RL,one_and_half,finished,170000,7,153683.0
889,1079,6,4435,0,1,6,5,848,WD,Normal,RM,one,finished,155900,3,131259.0
890,1080,16,8775,64,1,5,5,990,WD,Normal,RL,one,finished,126000,5,134140.0
891,1082,47,7500,220,2,5,5,1040,WD,Normal,RL,one,finished,133000,5,124502.0
892,1083,8,8749,39,2,7,5,1459,WD,Normal,RL,one,finished,192000,6,188142.0
893,1084,46,8800,116,1,6,6,1251,WD,Normal,RL,one,finished,160000,6,148974.0
894,1085,14,13031,44,3,6,5,1498,WD,Normal,RL,two,finished,187500,6,184027.0
895,1086,18,9069,0,1,6,6,996,WD,Normal,RL,split,finished,147000,5,146346.0
896,1087,37,1974,96,2,4,5,1092,WD,Normal,RM,two,finished,83500,6,90242.0
897,1089,6,2522,40,2,7,5,1709,WD,Normal,RM,two,finished,137500,7,151323.0
898,1091,60,8544,0,2,3,4,1040,WD,Normal,RL,one,finished,92900,6,82208.0
899,1093,60,8400,128,2,6,5,1694,WD,Normal,RL,one_and_half,finished,136500,7,142330.0
900,1094,12,9230,64,2,5,8,1200,WD,Normal,RL,one,finished,146000,6,147579.0
901,1095,10,5868,240,1,5,7,936,WD,Normal,RL,one,finished,129000,4,130231.0
902,1096,4,9317,22,2,6,5,1314,WD,Normal,RL,one,finished,176432,6,167976.0
903,1097,4,6882,115,2,6,7,1355,WD,Normal,RM,two,finished,127000,7,146663.0
904,1098,24,3696,211,2,8,5,1088,WD,Normal,RL,one,finished,170000,5,180512.0
905,1099,60,6000,0,1,4,6,1324,WD,Normal,RM,one_and_half,finished,128000,6,107338.0
906,1101,60,8400,0,1,2,5,438,WD,Normal,RL,one,finished,60000,3,66668.0
907,1102,39,9758,0,1,5,5,950,WD,Normal,RL,one,finished,119500,5,124357.0
908,1104,51,8910,192,1,6,6,1194,WD,Normal,RL,one,finished,159500,6,146934.0
909,1105,40,2016,0,3,5,5,1302,WD,Normal,RM,two,finished,106000,6,103563.0
910,1106,15,12256,32,3,8,5,2622,WD,Normal,RL,two,finished,325000,9,317480.0
911,1107,19,10357,244,2,7,5,1442,WD,Normal,RL,one,finished,179900,6,182132.0
912,1108,4,23257,100,3,7,5,2021,New,Partial,RL,two,finished,274725,9,284435.0
913,1110,5,11362,185,2,8,5,1836,WD,Normal,RL,one,finished,280000,7,261580.0
914,1111,14,8000,84,3,6,5,1658,WD,Normal,RL,two,finished,188000,8,180663.0
915,1112,34,10480,69,3,7,6,1964,WD,Normal,RL,two,finished,205000,8,208180.0
916,1113,53,7100,0,1,5,7,816,WD,Normal,RL,one,finished,129900,5,112557.0
917,1114,4,8923,18,1,5,7,1008,WD,Normal,RL,one,finished,134500,6,139624.0
918,1115,10,5400,0,1,5,7,833,WD,Normal,RL,one,finished,117000,4,121420.0
919,1116,3,12085,0,2,8,5,1734,New,Partial,RL,one,finished,318000,7,269646.0
920,1117,8,7750,0,3,8,5,1419,WD,Normal,RL,split,finished,184100,7,208145.0
921,1118,7,9764,0,1,5,7,894,WD,Normal,RL,one,finished,130000,5,133943.0
922,1119,23,13825,34,1,5,6,1601,WD,Normal,RL,split,finished,140000,6,166589.0
923,1120,51,7560,252,1,5,5,1040,WD,Normal,RL,one,finished,133700,6,124279.0
924,1121,60,8263,134,1,6,5,1012,WD,Normal,RM,one,finished,118400,6,102440.0
925,1122,4,10084,20,2,7,5,1552,New,Partial,RL,one,finished,212900,7,209670.0
926,1124,2,9405,200,1,5,9,698,WD,Normal,RL,one,finished,118000,4,125449.0
927,1125,18,9125,25,3,7,5,1482,WD,Normal,RL,split,finished,163900,7,185138.0
928,1126,55,10434,0,1,4,5,1005,WD,Normal,RL,one,finished,115000,5,110795.0
929,1127,3,3684,20,2,7,5,1555,WD,Normal,RL,one,finished,174000,7,196663.0
930,1129,5,11796,48,3,7,5,1959,WD,Normal,RL,two,finished,215000,8,234971.0
931,1130,30,7200,0,1,5,5,936,WD,Normal,RM,split,finished,140000,4,110770.0
932,1131,60,7804,44,2,4,3,1981,WD,Normal,RL,one_and_half,finished,135000,7,117161.0
933,1133,60,9900,48,2,6,4,2210,WD,Normal,RM,two,finished,117500,8,128580.0
934,1134,15,9828,155,3,8,5,2020,WD,Normal,RL,two,finished,239500,8,258115.0
935,1135,13,8773,38,3,6,5,1600,WD,Normal,RL,two,finished,169000,7,178720.0
936,1136,60,6180,128,1,6,5,986,WD,Normal,RM,one,finished,102000,5,100730.0
937,1138,14,6342,176,1,5,8,1020,WD,Normal,RL,one_and_half,finished,94000,6,134643.0
938,1139,33,9819,32,2,6,5,1567,WD,Normal,RL,one,finished,196000,5,162991.0
939,1140,60,8731,342,1,5,5,1167,WD,Normal,RL,one,finished,144000,6,111872.0
940,1142,34,10304,96,3,5,7,1868,WD,Normal,RL,two,finished,197500,9,167399.0
941,1143,3,9965,144,3,8,5,2828,New,Partial,RL,two,finished,424870,11,331486.0
942,1144,51,9000,24,1,5,3,1006,WD,Normal,RL,one,finished,80000,5,100237.0
943,1145,60,12180,0,1,4,4,924,WD,Normal,RL,one_and_half,finished,80000,5,86813.0
944,1147,25,11200,26,2,6,5,1298,WD,Normal,RL,one,finished,180000,5,155087.0
945,1148,60,12000,0,2,7,7,1564,WD,Normal,RL,two,finished,174500,7,183838.0
946,1149,60,5700,176,1,7,7,1111,WD,Normal,RM,one_and_half,finished,116900,5,132446.0
947,1150,22,9000,0,1,7,9,1482,WD,Normal,RM,two,finished,143000,7,154191.0
948,1151,60,8280,214,1,6,5,932,WD,Normal,RL,one,finished,124000,4,107720.0
949,1152,51,17755,240,2,5,4,1466,WD,Normal,RL,one,finished,149900,6,147423.0
950,1154,3,5890,96,1,6,8,816,WD,Normal,RM,one,finished,120500,5,128244.0
951,1155,22,13700,357,3,7,6,1820,WD,Normal,RL,two,finished,201800,8,210090.0
952,1156,6,10768,201,2,5,8,1437,WD,Normal,RL,one,finished,218000,6,159193.0
953,1157,11,9350,188,2,5,8,1265,WD,Normal,RL,split,finished,179900,6,149573.0
954,1158,2,5001,62,2,7,5,1314,WD,Normal,RL,one,finished,230000,6,203814.0
955,1160,36,9120,69,3,6,6,1876,WD,Normal,RL,two,finished,185000,8,178371.0
956,1161,32,2280,0,3,6,5,1456,WD,Normal,RL,two,finished,146000,7,139132.0
957,1162,4,14778,216,1,6,7,1640,WD,Normal,RL,one,finished,224000,7,210206.0
958,1163,42,8724,0,1,5,5,894,WD,Normal,RL,one,finished,129000,5,118350.0
959,1165,32,16157,180,2,5,7,1432,WD,Normal,RL,split,finished,194000,5,166049.0
960,1166,1,9541,114,2,7,5,1502,New,Partial,RL,one,finished,233170,7,231167.0
961,1167,2,10475,33,2,8,5,1694,WD,Normal,RL,one,finished,245350,7,291043.0
962,1168,10,10852,38,3,6,5,1671,WD,Normal,RL,two,finished,173000,7,185675.0
963,1169,24,13728,90,2,6,7,2108,WD,Normal,RL,two,finished,235000,7,205354.0
964,1170,14,35760,76,4,10,5,3627,WD,Normal,RL,two,finished,625000,10,622487.0
965,1171,33,9880,0,1,6,6,1118,WD,Normal,RL,split,finished,171000,6,149256.0
966,1172,52,9120,288,1,6,6,1261,WD,Normal,RL,one,finished,163000,6,148217.0
967,1174,16,18030,0,3,5,6,3086,WD,Normal,RL,one_and_half,finished,200500,12,233359.0
968,1175,60,16560,0,3,6,8,2345,WD,Normal,RL,two,finished,239000,9,207395.0
969,1176,10,10678,33,3,8,5,2872,WD,Normal,RL,one_and_half,finished,285000,9,320853.0
970,1177,25,6951,0,1,5,5,923,WD,Normal,RL,one,finished,119500,5,121808.0
971,1178,6,3950,116,1,6,8,1224,WD,Normal,RM,one_and_half,finished,115000,5,138915.0
972,1179,60,7681,102,2,5,6,1343,WD,Normal,RL,one_and_half,finished,154900,7,134845.0
973,1180,56,8335,226,1,5,5,1124,WD,Normal,RL,one,finished,93000,5,124144.0
974,1181,19,11170,0,3,7,5,2514,WD,Normal,RL,two,finished,250000,8,249437.0
975,1182,2,5587,206,2,8,5,1652,New,Partial,RM,one,finished,392500,5,280826.0
976,1184,60,10800,0,1,5,6,1130,WD,Normal,RL,one,finished,120000,5,132531.0
977,1185,47,35133,526,2,5,4,1572,WD,Normal,RL,one,finished,186700,5,170976.0
978,1186,60,9738,236,1,5,7,1221,WD,Normal,RL,one_and_half,finished,104900,7,131744.0
979,1188,15,12461,306,2,8,5,1624,WD,Normal,RL,one,finished,262000,5,242241.0
980,1189,8,8935,68,3,7,5,1660,WD,Normal,RL,two,finished,195000,7,203583.0
981,1190,11,7500,60,3,7,5,1804,WD,Normal,RL,two,finished,189000,7,205228.0
982,1191,35,32463,0,1,4,4,1622,WD,Normal,RL,one,finished,168000,7,169038.0
983,1193,16,9600,84,1,5,8,1472,WD,Normal,RM,one_and_half,finished,125000,6,134912.0
984,1194,11,4500,304,2,6,5,1224,WD,Normal,RM,one,finished,165000,5,139701.0
985,1195,41,9364,36,2,6,7,1352,WD,Normal,RL,two,finished,158000,7,155909.0
986,1196,5,8029,24,3,6,5,1456,WD,Normal,RL,two,finished,176000,8,171677.0
987,1197,4,14054,17,3,7,5,1863,New,Partial,RL,two,finished,219210,9,248392.0
988,1199,9,9100,0,2,7,5,1212,WD,Normal,RL,one,finished,178000,6,178533.0
989,1200,31,11235,82,2,4,5,1382,WD,Normal,RL,one,finished,148000,6,131656.0
990,1202,12,10400,36,3,7,5,1779,WD,Normal,RL,two,finished,197900,6,209530.0
991,1203,13,6000,208,1,5,8,1348,WD,Normal,RM,one_and_half,finished,117000,5,130140.0
992,1204,9,9750,234,2,7,5,1630,WD,Normal,RL,one,finished,213000,6,203678.0
993,1205,35,10140,88,2,5,6,1074,WD,Normal,RL,one,finished,153500,6,138844.0
994,1206,19,14684,70,2,7,7,2196,WD,Normal,RL,one,finished,271900,7,241478.0
995,1207,44,8900,42,1,4,4,1056,WD,Normal,RH,one,finished,107000,5,93595.0
996,1208,7,9135,23,2,6,5,1700,WD,Normal,RL,one,finished,200000,7,184246.0
997,1209,30,7763,0,1,5,7,1283,WD,Normal,RL,one,finished,140000,6,142833.0
998,1210,4,10182,50,2,8,5,1660,New,Partial,RL,one,finished,290000,8,258741.0
999,1211,18,11218,104,3,6,5,1845,WD,Normal,RL,two,finished,189000,8,185459.0
1000,1212,5,12134,12,2,8,7,1752,WD,Normal,RL,one_and_half,finished,164000,8,259496.0
1001,1213,60,9340,113,1,4,6,672,WD,Normal,RL,one,finished,113000,4,90953.0
1002,1215,48,10205,72,1,5,5,999,WD,Normal,RL,split,finished,134500,6,124472.0
1003,1216,44,7094,0,1,5,5,894,WD,Normal,RL,one,finished,125000,5,116226.0
1004,1217,32,8930,0,2,6,5,1902,WD,Normal,RM,one_and_half,finished,112000,8,138746.0
1005,1219,60,6240,0,1,4,5,912,WD,Normal,RM,one_and_half,finished,80500,3,82951.0
1006,1222,42,8250,63,1,5,5,1211,WD,Normal,RL,one,finished,134000,5,133020.0
1007,1223,60,10496,0,2,6,6,1846,WD,Normal,RL,one_and_half,finished,143000,7,170759.0
1008,1224,59,10680,30,2,5,3,2136,WD,Normal,RL,one,finished,137900,7,145552.0
1009,1225,5,15384,75,3,7,5,1490,WD,Normal,RL,two,finished,184000,8,225054.0
1010,1226,52,10482,0,1,6,8,1138,WD,Normal,RL,split,finished,145000,6,148460.0
1011,1227,3,14598,18,3,6,5,1933,WD,Normal,RL,two,finished,214000,9,226941.0
1012,1228,2,8872,240,1,5,8,912,WD,Normal,RL,one,finished,147000,5,139853.0
1013,1229,2,8769,296,2,9,5,1702,New,Partial,RL,one,finished,367294,7,318833.0
1014,1230,50,7910,0,2,5,5,1507,WD,Normal,RL,split,finished,127000,7,139535.0
1015,1231,33,18890,169,4,5,5,2620,WD,Normal,RL,one_and_half,finished,190000,12,202460.0
1016,1232,48,7728,18,1,5,6,1190,WD,Normal,RL,split,finished,132500,6,135877.0
1017,1233,48,9842,0,2,4,5,1224,WD,Normal,RL,one,finished,101800,6,121432.0
1018,1236,60,13132,40,2,5,5,1784,WD,Normal,RL,two,finished,138887,9,141113.0
1019,1237,7,2628,27,3,7,5,1626,WD,Normal,RL,two,finished,175500,6,183774.0
1020,1238,5,12393,48,3,7,5,1948,WD,Normal,RL,two,finished,195000,8,235110.0
1021,1240,4,9037,33,2,8,5,1484,WD,Normal,RL,one,finished,265900,6,233657.0
1022,1241,7,8158,63,3,7,5,1768,WD,Normal,RL,two,finished,224900,8,206183.0
1023,1242,3,9849,56,2,7,6,1689,New,Partial,RL,one,finished,248328,7,222507.0
1024,1244,4,13891,229,3,10,5,2076,New,Partial,RL,one,finished,465000,7,396409.0
1025,1245,60,11435,0,1,8,7,1517,WD,Normal,RL,two,finished,230000,7,213463.0
1026,1248,34,12328,0,1,6,5,1034,WD,Normal,RL,split,finished,169900,6,144278.0
1027,1249,60,9600,259,2,6,5,2058,WD,Normal,RM,two_and_half,unfinished,129500,8,131446.0
1028,1250,60,7200,80,1,5,7,988,WD,Normal,RL,one,finished,119000,6,119761.0
1029,1251,42,11160,0,3,7,5,2110,WD,Normal,RL,one,finished,244000,8,209024.0
1030,1252,7,3136,36,2,7,5,1405,WD,Normal,RL,one,finished,171750,6,172837.0
1031,1253,42,9858,0,1,5,6,874,WD,Normal,RL,one,finished,130000,5,124710.0
1032,1254,7,17542,47,3,7,7,2167,WD,Normal,RL,two,finished,294000,9,272895.0
1033,1255,6,6931,128,3,7,5,1656,WD,Normal,RL,two,finished,165400,7,202824.0
1034,1256,60,6240,120,1,6,6,1367,WD,Normal,RM,one_and_half,finished,127500,6,124175.0
1035,1257,16,14303,36,2,8,5,1987,WD,Normal,RL,one,finished,301500,7,281396.0
1036,1258,60,4060,96,1,5,8,864,WD,Normal,RL,one,finished,99900,4,107724.0
1037,1259,5,9587,0,2,7,5,1166,WD,Normal,RL,split,finished,190000,5,183597.0
1038,1260,41,9750,80,2,6,8,1054,WD,Normal,RL,one,finished,151000,6,147195.0
1039,1261,11,24682,103,3,6,5,1675,WD,Normal,RL,two,finished,181000,7,209897.0
1040,1262,54,9600,0,1,5,6,1050,WD,Normal,RL,one,finished,128900,5,131524.0
1041,1263,21,11250,0,1,4,5,1788,WD,Normal,RL,one_and_half,finished,161500,8,150378.0
1042,1264,60,13515,126,1,6,6,1824,WD,Normal,RL,two,finished,180500,8,174838.0
1043,1267,60,10120,264,2,7,4,1889,WD,Normal,RM,two_and_half,unfinished,122000,9,137485.0
1044,1268,1,13214,76,2,9,5,2018,WD,Normal,RL,one,finished,378500,10,391652.0
1045,1269,13,14100,12,4,8,9,3447,WD,Normal,RL,one_and_half,finished,381000,11,404715.0
1046,1270,52,11344,0,2,5,5,1524,WD,Normal,RL,one_and_half,finished,144000,7,144178.0
1047,1271,31,23595,0,1,7,6,1524,WD,Normal,RL,one,finished,260000,4,221755.0
1048,1272,42,9156,0,2,6,7,1489,WD,Normal,RL,one,finished,185750,7,165217.0
1049,1273,45,13526,0,1,5,6,935,WD,Normal,RL,one,finished,137000,5,137203.0
1050,1274,4,11512,163,1,6,7,1357,WD,Normal,RL,split,finished,177000,5,174739.0
1051,1275,7,5362,81,2,5,6,1250,WD,Normal,RL,one_and_half,finished,139000,8,143218.0
1052,1276,60,11345,0,2,5,5,1920,WD,Normal,RL,two,finished,137000,10,141594.0
1053,1277,38,12936,116,2,6,6,1395,WD,Normal,RL,two,finished,162000,6,166422.0
1054,1278,34,17871,0,2,6,5,1724,WD,Normal,RL,split,finished,197900,7,188548.0
1055,1279,8,9473,211,3,8,5,2031,WD,Normal,RL,two,finished,237000,7,263557.0
1056,1281,8,9808,72,2,7,5,1573,WD,Normal,RL,one,finished,227000,6,202949.0
1057,1282,20,8049,148,2,7,5,1339,WD,Normal,RL,one,finished,180000,6,174274.0
1058,1283,2,8800,288,2,5,7,1040,WD,Normal,RL,one,finished,150500,5,148061.0
1059,1284,39,9400,0,4,6,5,1824,WD,Normal,RL,two,finished,139000,8,169308.0
1060,1285,20,9638,158,2,6,7,2447,WD,Normal,RL,one_and_half,finished,169000,10,214141.0
1061,1286,60,6000,0,1,6,6,1412,WD,Normal,RM,one_and_half,finished,132500,6,125857.0
1062,1287,47,9790,26,2,6,5,1328,WD,Normal,RL,one,finished,143000,6,146978.0
1063,1288,46,36500,198,2,5,5,1582,WD,Normal,RL,one,finished,190000,7,181087.0
1064,1289,10,5664,59,2,8,5,1659,WD,Normal,RL,one,finished,278000,5,230052.0
1065,1290,4,11065,74,3,8,5,1970,New,Partial,RL,two,finished,281000,8,282119.0
1066,1291,46,14112,0,1,5,7,1152,WD,Normal,RL,split,finished,180500,6,150335.0
1067,1292,38,1680,0,3,5,7,1302,WD,Normal,RM,two,finished,119500,6,110753.0
1068,1293,45,6600,287,2,5,4,2372,WD,Normal,RM,two,finished,107500,11,132475.0
1069,1294,34,10140,287,3,7,5,1664,WD,Normal,RL,two,finished,162900,8,186898.0
1070,1295,20,8172,0,1,5,7,864,WD,Normal,RL,one,finished,115000,5,127170.0
1071,1296,42,8400,0,2,5,5,1052,WD,Normal,RL,one,finished,138500,5,129409.0
1072,1297,47,8700,143,2,5,6,1128,WD,Normal,RL,one,finished,155000,6,135016.0
1073,1298,4,3675,44,2,6,5,1072,New,Partial,RM,split,finished,140000,5,135342.0
1074,1299,2,63887,292,3,10,5,5642,New,Partial,RL,two,finished,160000,12,682211.0
1075,1300,16,7500,0,2,5,7,1246,WD,Normal,RL,one,finished,154000,6,144742.0
1076,1301,11,10762,0,3,7,5,1983,WD,Normal,RL,two,finished,225000,9,230203.0
1077,1302,60,7500,224,1,6,7,1494,WD,Normal,RL,two,finished,177500,7,156395.0
1078,1303,16,10120,78,3,8,5,2526,WD,Normal,RL,two,finished,290000,8,294499.0
1079,1304,5,8688,59,2,7,5,1616,WD,Normal,RL,one,finished,232000,7,206019.0
1080,1305,6,3363,40,2,7,5,1708,WD,Normal,RM,two,finished,130000,7,159690.0
1081,1306,3,13173,102,2,9,5,1652,WD,Normal,RL,one,finished,325000,6,304520.0
1082,1307,4,6955,35,2,7,5,1368,New,Partial,RL,one,finished,202500,6,186875.0
1083,1308,15,8072,64,1,5,5,990,WD,Normal,RL,one,finished,138000,5,133673.0
1084,1309,5,12000,36,1,5,7,1122,WD,Normal,RM,one,finished,147000,6,135330.0
1085,1310,19,7153,51,2,6,5,1294,WD,Normal,RL,one,finished,179200,6,154064.0
1086,1311,8,17500,369,2,7,8,1902,WD,Normal,RL,one,finished,335000,7,250001.0
1087,1312,3,8814,98,2,7,5,1274,New,Partial,RL,one,finished,203000,6,188269.0
1088,1313,20,9572,0,3,8,5,2810,WD,Normal,RL,two,finished,302000,9,293014.0
1089,1314,11,14774,30,3,9,5,2599,WD,Normal,RL,two,finished,333168,10,373043.0
1090,1315,56,8190,36,1,4,6,948,WD,Normal,RL,one,finished,119000,5,108204.0
1091,1316,41,11075,0,3,6,5,2112,WD,Normal,RL,two,finished,206900,9,188258.0
1092,1317,2,10226,42,2,8,5,1630,WD,Normal,RL,one,finished,295493,8,279501.0
1093,1319,8,14781,150,2,8,5,1787,WD,Normal,RL,one,finished,275000,7,262866.0
1094,1320,56,10215,0,1,4,5,948,WD,Normal,RL,one,finished,111000,5,105693.0
1095,1321,53,8400,216,2,6,3,1478,WD,Normal,RL,one,finished,156500,6,129823.0
1096,1322,60,6627,0,1,3,6,720,WD,Normal,RL,one,finished,72500,4,82684.0
1097,1323,18,10186,39,3,7,5,1923,WD,Normal,RL,two,finished,190000,8,209683.0
1098,1324,60,5330,0,1,4,7,708,WD,Normal,RL,one,finished,82500,5,83904.0
1099,1325,3,9986,49,2,8,5,1795,New,Partial,RL,one,finished,147000,7,261053.0
1100,1326,60,3636,100,1,4,4,796,WD,Normal,RM,one,finished,55000,5,61423.0
1101,1327,4,4270,286,1,3,6,774,WD,Normal,RH,one,finished,79000,6,96425.0
1102,1328,2,6600,0,1,5,9,816,WD,Normal,RL,one,finished,130500,5,130300.0
1103,1330,12,9084,28,3,7,5,1632,WD,Normal,RL,two,finished,176500,8,200039.0
1104,1331,4,10000,45,2,8,5,1588,WD,Normal,RL,one,finished,227000,7,243912.0
1105,1332,34,10780,0,1,5,5,954,WD,Normal,RL,split,finished,132500,6,126167.0
1106,1333,52,8877,0,1,4,6,816,WD,Normal,RL,one,finished,100000,3,103609.0
1107,1334,15,7200,255,2,5,6,1360,WD,Normal,RM,one_and_half,finished,125500,6,129832.0
1108,1335,40,2368,36,2,5,6,1365,WD,Normal,RM,two,finished,125000,7,111424.0
1109,1336,33,9650,16,2,6,5,1334,WD,Normal,RL,one,finished,167900,6,151133.0
1110,1337,37,9246,211,2,5,5,1656,WD,Normal,RL,one,finished,135000,8,149950.0
1111,1338,60,4118,20,1,4,4,693,WD,Normal,RM,one,finished,52500,4,55875.0
1112,1339,8,13450,91,3,7,5,1861,WD,Normal,RL,two,finished,200000,8,226169.0
1113,1340,38,9560,0,1,5,7,864,WD,Normal,RL,one,finished,128500,5,125946.0
1114,1341,39,8294,0,1,4,5,872,WD,Normal,RL,one,finished,123000,5,107739.0
1115,1342,6,13695,78,1,6,5,1114,WD,Normal,RL,one,finished,155000,6,168587.0
1116,1343,8,9375,87,3,8,5,2169,WD,Normal,RL,two,finished,228500,7,269008.0
1117,1344,60,7558,0,2,6,6,1913,WD,Normal,RL,one_and_half,finished,177000,9,168810.0
1118,1345,4,11103,0,3,7,5,1456,New,Partial,RL,two,finished,155835,8,198217.0
1119,1346,60,6000,168,1,4,4,960,WD,Normal,RM,one,finished,108500,5,78937.0
1120,1347,7,20781,370,2,7,7,2156,WD,Normal,RL,one,finished,262500,9,275550.0
1121,1348,3,15306,0,2,8,5,1776,New,Partial,RL,one,finished,283463,7,296252.0
1122,1349,12,16196,25,2,7,5,1494,WD,Normal,RL,one,finished,215000,5,216859.0
1123,1350,23,5250,74,2,8,5,2358,WD,Normal,RM,two,finished,122000,8,189460.0
1124,1351,41,11643,0,4,5,5,2634,WD,Normal,RL,two,finished,200000,12,196821.0
1125,1352,48,9247,204,2,6,6,1716,WD,Normal,RL,two,finished,171000,8,166565.0
1126,1353,10,6000,0,1,6,9,1176,WD,Normal,RM,one_and_half,finished,134900,4,139565.0
1127,1354,14,14720,86,3,8,5,3238,WD,Normal,RL,one_and_half,finished,410000,9,410122.0
1128,1355,10,10316,184,3,7,5,1865,WD,Normal,RL,two,finished,235000,7,216880.0
1129,1356,18,10192,98,3,7,6,1920,WD,Normal,RL,split,finished,170000,8,209569.0
1130,1357,44,9477,0,1,5,5,892,WD,Normal,RL,one,finished,110000,5,118641.0
1131,1358,2,12537,0,2,5,6,1078,WD,Normal,RL,one,finished,149900,6,158073.0
1132,1360,5,16737,45,2,9,5,1980,WD,Normal,RL,one,finished,315000,8,360022.0
1133,1361,12,9842,301,4,5,6,2601,WD,Normal,RL,two,finished,189000,8,207608.0
1134,1362,5,16158,36,2,7,5,1530,WD,Normal,RL,one,finished,260000,7,228137.0
1135,1363,3,12513,0,2,4,4,1738,WD,Normal,RL,one_and_half,finished,104900,7,153368.0
1136,1364,3,8499,36,3,6,5,1412,New,Partial,RL,two,finished,156932,6,172111.0
1137,1368,33,2665,26,2,5,6,1475,WD,Normal,RM,two,finished,127000,6,119486.0
1138,1369,6,4435,0,1,6,5,848,WD,Normal,RM,one,finished,144000,4,131259.0
1139,1370,7,10635,262,2,8,5,1668,WD,Normal,RL,one,finished,232000,8,243190.0
1140,1371,60,5400,198,1,4,6,1374,WD,Normal,RL,one_and_half,finished,105000,6,117228.0
1141,1372,14,9600,206,1,6,6,1661,WD,Normal,RL,split,finished,165500,8,182410.0
1142,1373,12,9750,170,3,7,6,2097,WD,Normal,RL,two,finished,274300,8,236066.0
1143,1374,8,11400,140,3,10,5,2633,WD,Normal,RL,one,finished,466500,8,412472.0
1144,1376,3,10991,36,2,8,5,1571,New,Partial,RL,one,finished,239000,7,246847.0
1145,1377,60,6292,141,1,6,5,790,WD,Normal,RL,one,finished,91000,4,98087.0
1146,1378,50,10998,68,2,5,5,1604,WD,Normal,RL,one_and_half,finished,117000,6,145300.0
1147,1379,37,1953,0,2,6,5,987,WD,Normal,RM,two,finished,83000,5,102489.0
1148,1380,3,9735,0,3,5,5,1394,WD,Normal,RL,split,finished,167500,7,153624.0
1149,1381,60,8212,96,1,3,3,864,WD,Normal,RL,one,finished,58500,5,62492.0
1150,1382,40,12925,42,3,6,7,2117,WD,Normal,RL,one,finished,237500,7,200569.0
1151,1383,60,7200,221,2,7,7,1762,WD,Normal,RM,two,finished,157000,8,149849.0
1152,1384,3,25339,112,2,5,7,1416,WD,Normal,RL,one,finished,112000,7,181053.0
1153,1385,60,9060,0,1,6,5,1258,WD,Normal,RL,one_and_half,finished,105000,6,124412.0
1154,1386,3,5436,96,1,4,8,1154,WD,Normal,RM,one_and_half,finished,125500,7,119024.0
1155,1387,32,16692,552,4,7,5,2784,WD,Normal,RL,two,finished,250000,12,262138.0
1156,1389,3,14892,39,2,9,5,1746,WD,Normal,RL,one,finished,377500,7,329594.0
1157,1390,60,6000,0,1,6,6,1218,WD,Normal,RM,one_and_half,finished,131000,6,120885.0
1158,1391,10,9100,36,2,7,5,1525,WD,Normal,RL,one,finished,235000,6,198329.0
1159,1392,43,8944,152,2,5,5,1584,WD,Normal,RL,one,finished,124000,8,145337.0
1160,1393,43,7838,144,1,5,5,900,WD,Normal,RL,split,finished,123000,6,118004.0
1161,1394,10,10800,237,2,6,7,1912,WD,Normal,RM,one_and_half,finished,163000,7,158541.0
1162,1395,4,4045,20,2,7,5,1500,New,Partial,RL,one,finished,246578,6,199710.0
1163,1396,4,12665,39,3,8,5,2482,WD,Normal,RL,two,finished,281213,9,326384.0
1164,1397,60,57200,50,1,5,5,1687,WD,Normal,RL,one,finished,160000,7,198198.0
1165,1398,6,6120,150,2,5,8,1513,WD,Normal,RM,two,finished,137500,8,137848.0
1166,1399,28,7200,168,2,5,4,1904,WD,Normal,RL,one_and_half,finished,138000,7,147536.0
1167,1400,20,6171,16,3,6,6,1608,WD,Normal,RL,one_and_half,finished,137450,7,168547.0
1168,1401,60,6000,112,1,6,7,1158,WD,Normal,RM,one_and_half,finished,120000,5,120099.0
1169,1402,6,7415,75,3,6,5,1593,WD,Normal,RL,two,finished,193000,8,179588.0
1170,1403,4,6762,55,2,7,5,1294,New,Partial,RL,one,finished,193879,6,185080.0
1171,1404,3,15256,160,2,8,5,1464,WD,Normal,RL,one,finished,282922,6,258846.0
1172,1406,5,3842,208,2,8,5,1646,WD,Normal,RM,one,finished,275000,5,221406.0
1173,1407,3,8445,0,1,5,7,768,WD,Normal,RL,split,finished,133000,5,126679.0
1174,1408,25,8780,0,1,5,5,833,WD,Normal,RL,one,finished,112000,5,117085.0
1175,1409,60,7740,168,1,4,7,1363,WD,Normal,RM,two,finished,125500,6,110115.0
1176,1410,19,20544,63,3,7,6,2093,WD,Normal,RL,two,finished,215000,7,249589.0
1177,1411,9,12420,45,3,7,5,1840,WD,Normal,RL,two,finished,230000,6,222450.0
1178,1412,5,9600,0,2,6,8,1668,WD,Normal,RL,one_and_half,finished,140000,6,187056.0
1179,1413,60,7200,0,2,4,5,1040,WD,Normal,RL,one,finished,90000,6,94253.0
1180,1415,10,13053,220,2,6,7,1848,WD,Normal,RL,one_and_half,finished,207000,8,200155.0
1181,1416,3,3635,20,2,7,5,1569,WD,Normal,RL,one,finished,175900,7,195622.0
1182,1417,60,11340,114,2,4,6,2290,WD,Normal,RM,two,finished,122500,11,135401.0
1183,1418,12,16545,126,3,8,5,2450,WD,Normal,RL,two,finished,340000,7,322403.0
1184,1420,41,16381,289,2,6,5,1844,WD,Normal,RL,one,finished,223000,7,189737.0
1185,1421,42,11700,288,3,6,6,1416,WD,Normal,RL,two,finished,179900,7,161393.0
1186,1422,33,4043,220,2,6,5,1069,WD,Normal,RL,one,finished,127500,4,133010.0
1187,1423,7,4435,0,1,6,5,848,WD,Normal,RM,one,finished,136500,3,129306.0
1188,1425,27,9503,28,1,5,5,1344,WD,Normal,RL,one,finished,144000,6,142846.0
1189,1426,51,10721,39,1,6,6,1252,WD,Normal,RL,one,finished,142000,7,150118.0
1190,1427,16,10944,132,3,7,5,2127,WD,Normal,RL,two,finished,271000,5,237747.0
1191,1428,60,10930,0,2,5,6,1558,WD,Normal,RL,one_and_half,finished,140000,6,146582.0
1192,1430,29,12546,99,2,6,7,1440,WD,Normal,RL,one,finished,182900,7,168894.0
1193,1431,5,21930,40,3,5,5,1838,WD,Normal,RL,two,finished,192140,7,200224.0
1194,1432,34,4928,60,2,6,6,958,WD,Normal,RL,one,finished,143750,5,134666.0
1195,1433,3,10800,0,2,4,6,968,WD,Normal,RL,one,finished,64500,5,129460.0
1196,1434,10,10261,0,3,6,5,1792,WD,Normal,RL,two,finished,186500,8,188998.0
1197,1435,33,17400,41,2,5,5,1126,WD,Normal,RL,one,finished,160000,5,154125.0
1198,1437,39,9000,0,1,4,6,864,WD,Normal,RL,one,finished,120500,5,113051.0
1199,1438,2,12444,370,2,8,5,1932,New,Partial,RL,one,finished,394617,7,312981.0
1200,1439,14,7407,316,1,6,7,1236,WD,Normal,RM,one,finished,149700,6,139983.0
1201,1440,31,11584,304,3,7,6,1725,WD,Normal,RL,split,finished,197000,6,198720.0
1202,1441,16,11526,0,2,6,7,2555,WD,Normal,RL,two_and_half,finished,191000,11,231986.0
1203,1442,6,4426,0,1,6,5,848,WD,Normal,RM,one,finished,149300,3,131170.0
1204,1444,60,8854,138,1,6,6,952,WD,Normal,RL,one_and_half,unfinished,121000,4,127550.0
1205,1445,6,8500,60,2,7,5,1422,WD,Normal,RL,one,finished,179600,7,187336.0
1206,1446,44,8400,252,1,6,5,913,WD,Normal,RL,split,finished,129000,6,128363.0
1207,1447,48,26142,39,1,5,7,1188,WD,Normal,RL,one,finished,157900,6,162451.0
1208,1448,14,10000,65,3,8,5,2090,WD,Normal,RL,two,finished,240000,8,263325.0
1209,1449,10,11767,24,2,4,7,1346,WD,Normal,RL,two,finished,112000,6,144359.0
1210,1451,36,9000,45,4,5,5,1792,WD,Normal,RL,two,finished,136000,8,153569.0
1211,1452,1,9262,36,2,8,5,1578,New,Partial,RL,one,finished,287090,7,269316.0
1212,1453,5,3675,28,1,5,5,1072,WD,Normal,RM,split,finished,145000,5,121025.0
1213,1456,10,7917,40,3,6,5,1647,WD,Normal,RL,two,finished,175000,7,182090.0
1214,1457,22,13175,0,2,6,6,2073,WD,Normal,RL,one,finished,210000,7,198437.0
1215,1458,4,9042,60,2,7,9,2340,WD,Normal,RL,two,finished,266500,9,262067.0
1216,1459,14,9717,112,1,5,6,1078,WD,Normal,RL,one,finished,142125,5,143168.0
1217,1460,45,9937,68,2,5,6,1256,WD,Normal,RL,one,finished,147500,6,140337.0
